merchant_id,stage,stage_date,stage_sequence
M00001,Lead,2025-03-20,1
M00001,Qualified,2025-03-21,2
M00001,Approved,2025-03-23,3
M00001,Activated,2025-03-27,4
M00002,Lead,2025-09-28,1
M00002,Qualified,2025-10-06,2
M00003,Lead,2025-06-28,1
M00004,Lead,2025-03-28,1
M00004,Qualified,2025-03-29,2
M00005,Lead,2025-12-20,1
M00006,Lead,2025-07-30,1
M00007,Lead,2025-03-29,1
M00007,Qualified,2025-04-04,2
M00007,Approved,2025-04-19,3
M00007,Activated,2025-05-06,4
M00008,Lead,2025-06-06,1
M00008,Qualified,2025-06-08,2
M00008,Approved,2025-06-10,3
M00008,Activated,2025-06-20,4
M00009,Lead,2025-01-01,1
M00009,Qualified,2025-01-06,2
M00009,Approved,2025-01-13,3
M00009,Activated,2025-01-15,4
M00010,Lead,2025-01-07,1
M00010,Qualified,2025-01-09,2
M00010,Approved,2025-01-14,3
M00010,Activated,2025-01-18,4
M00011,Lead,2025-04-07,1
M00012,Lead,2025-03-16,1
M00013,Lead,2025-12-11,1
M00013,Qualified,2025-12-14,2
M00013,Approved,2025-12-20,3
M00013,Activated,2025-12-22,4
M00014,Lead,2025-12-24,1
M00014,Qualified,2025-12-28,2
M00014,Approved,2026-01-07,3
M00014,Activated,2026-01-13,4
M00015,Lead,2025-02-25,1
M00016,Lead,2025-09-19,1
M00017,Lead,2025-11-25,1
M00018,Lead,2025-03-07,1
M00018,Qualified,2025-03-17,2
M00018,Approved,2025-03-22,3
M00018,Activated,2025-03-27,4
M00019,Lead,2025-11-23,1
M00019,Qualified,2025-11-29,2
M00019,Approved,2025-12-06,3
M00019,Activated,2025-12-10,4
M00020,Lead,2025-05-23,1
M00020,Qualified,2025-05-26,2
M00020,Approved,2025-05-28,3
M00020,Activated,2025-05-30,4
M00021,Lead,2025-08-16,1
M00021,Qualified,2025-08-19,2
M00021,Approved,2025-08-28,3
M00021,Activated,2025-09-04,4
M00022,Lead,2025-12-18,1
M00022,Qualified,2025-12-19,2
M00023,Lead,2025-01-14,1
M00023,Qualified,2025-01-16,2
M00023,Approved,2025-01-20,3
M00023,Activated,2025-01-29,4
M00024,Lead,2025-01-03,1
M00025,Lead,2025-03-25,1
M00025,Qualified,2025-03-28,2
M00025,Approved,2025-03-31,3
M00025,Activated,2025-04-03,4
M00026,Lead,2025-10-06,1
M00027,Lead,2025-03-28,1
M00027,Qualified,2025-04-02,2
M00027,Approved,2025-04-06,3
M00027,Activated,2025-04-13,4
M00028,Lead,2025-01-28,1
M00029,Lead,2025-06-30,1
M00029,Qualified,2025-07-03,2
M00029,Approved,2025-07-09,3
M00029,Activated,2025-07-14,4
M00030,Lead,2025-12-17,1
M00030,Qualified,2025-12-20,2
M00031,Lead,2025-08-26,1
M00031,Qualified,2025-08-30,2
M00032,Lead,2025-06-27,1
M00032,Qualified,2025-06-29,2
M00032,Approved,2025-07-13,3
M00033,Lead,2025-11-05,1
M00034,Lead,2025-12-11,1
M00034,Qualified,2025-12-13,2
M00034,Approved,2025-12-22,3
M00034,Activated,2025-12-27,4
M00035,Lead,2025-06-12,1
M00035,Qualified,2025-06-15,2
M00035,Approved,2025-06-24,3
M00035,Activated,2025-06-29,4
M00036,Lead,2025-12-21,1
M00037,Lead,2025-02-05,1
M00038,Lead,2025-07-16,1
M00039,Lead,2025-12-30,1
M00039,Qualified,2026-01-03,2
M00039,Approved,2026-01-08,3
M00039,Activated,2026-01-13,4
M00040,Lead,2025-03-20,1
M00040,Qualified,2025-03-26,2
M00040,Approved,2025-04-02,3
M00040,Activated,2025-04-24,4
M00041,Lead,2025-01-28,1
M00041,Qualified,2025-02-01,2
M00041,Approved,2025-02-04,3
M00042,Lead,2025-01-15,1
M00043,Lead,2025-07-26,1
M00043,Qualified,2025-07-28,2
M00043,Approved,2025-07-30,3
M00043,Activated,2025-08-07,4
M00044,Lead,2025-07-28,1
M00044,Qualified,2025-08-03,2
M00045,Lead,2025-01-01,1
M00045,Qualified,2025-01-06,2
M00045,Approved,2025-01-08,3
M00045,Activated,2025-01-09,4
M00046,Lead,2025-01-10,1
M00046,Qualified,2025-01-14,2
M00047,Lead,2025-05-01,1
M00047,Qualified,2025-05-03,2
M00047,Approved,2025-05-13,3
M00047,Activated,2025-05-17,4
M00048,Lead,2025-10-08,1
M00048,Qualified,2025-10-09,2
M00049,Lead,2025-03-12,1
M00049,Qualified,2025-03-14,2
M00050,Lead,2025-11-22,1
M00050,Qualified,2025-11-26,2
M00050,Approved,2025-11-29,3
M00050,Activated,2025-12-02,4
M00051,Lead,2025-02-11,1
M00052,Lead,2025-10-28,1
M00053,Lead,2025-08-17,1
M00054,Lead,2025-12-05,1
M00054,Qualified,2025-12-08,2
M00055,Lead,2025-10-14,1
M00056,Lead,2025-09-30,1
M00056,Qualified,2025-10-04,2
M00056,Approved,2025-10-10,3
M00057,Lead,2025-06-21,1
M00058,Lead,2025-06-25,1
M00058,Qualified,2025-06-29,2
M00059,Lead,2025-09-29,1
M00060,Lead,2025-05-09,1
M00060,Qualified,2025-05-11,2
M00060,Approved,2025-05-14,3
M00060,Activated,2025-05-16,4
M00061,Lead,2025-02-24,1
M00061,Qualified,2025-02-27,2
M00061,Approved,2025-03-03,3
M00061,Activated,2025-03-17,4
M00062,Lead,2025-08-15,1
M00062,Qualified,2025-08-18,2
M00062,Approved,2025-08-26,3
M00063,Lead,2025-07-25,1
M00064,Lead,2025-02-10,1
M00064,Qualified,2025-02-13,2
M00065,Lead,2025-06-29,1
M00065,Qualified,2025-07-01,2
M00065,Approved,2025-07-08,3
M00066,Lead,2025-02-18,1
M00066,Qualified,2025-02-20,2
M00066,Approved,2025-02-25,3
M00066,Activated,2025-03-01,4
M00067,Lead,2025-05-31,1
M00067,Qualified,2025-06-01,2
M00068,Lead,2025-05-06,1
M00068,Qualified,2025-05-10,2
M00068,Approved,2025-05-17,3
M00068,Activated,2025-06-09,4
M00069,Lead,2025-02-22,1
M00070,Lead,2025-10-29,1
M00070,Qualified,2025-11-03,2
M00070,Approved,2025-11-07,3
M00070,Activated,2025-11-13,4
M00071,Lead,2025-11-15,1
M00071,Qualified,2025-11-18,2
M00071,Approved,2025-11-20,3
M00071,Activated,2025-11-24,4
M00072,Lead,2025-06-26,1
M00072,Qualified,2025-06-28,2
M00072,Approved,2025-07-07,3
M00073,Lead,2025-07-26,1
M00073,Qualified,2025-07-30,2
M00073,Approved,2025-08-02,3
M00073,Activated,2025-08-03,4
M00074,Lead,2025-09-29,1
M00074,Qualified,2025-10-03,2
M00074,Approved,2025-10-07,3
M00074,Activated,2025-10-09,4
M00075,Lead,2025-12-02,1
M00075,Qualified,2025-12-06,2
M00075,Approved,2025-12-15,3
M00075,Activated,2025-12-21,4
M00076,Lead,2025-06-08,1
M00076,Qualified,2025-06-13,2
M00076,Approved,2025-06-17,3
M00076,Activated,2025-06-19,4
M00077,Lead,2025-06-21,1
M00077,Qualified,2025-06-26,2
M00077,Approved,2025-06-29,3
M00077,Activated,2025-06-30,4
M00078,Lead,2025-01-07,1
M00078,Qualified,2025-01-10,2
M00078,Approved,2025-01-13,3
M00078,Activated,2025-01-17,4
M00079,Lead,2025-07-07,1
M00079,Qualified,2025-07-10,2
M00080,Lead,2025-10-31,1
M00081,Lead,2025-05-19,1
M00082,Lead,2025-12-29,1
M00082,Qualified,2026-01-01,2
M00083,Lead,2025-08-21,1
M00083,Qualified,2025-08-25,2
M00084,Lead,2025-07-26,1
M00085,Lead,2025-03-10,1
M00086,Lead,2025-08-04,1
M00086,Qualified,2025-08-06,2
M00087,Lead,2025-03-31,1
M00087,Qualified,2025-04-05,2
M00087,Approved,2025-04-09,3
M00087,Activated,2025-04-15,4
M00088,Lead,2025-03-15,1
M00088,Qualified,2025-03-19,2
M00088,Approved,2025-03-28,3
M00088,Activated,2025-04-02,4
M00089,Lead,2025-12-21,1
M00089,Qualified,2025-12-25,2
M00090,Lead,2025-08-21,1
M00090,Qualified,2025-08-27,2
M00090,Approved,2025-08-29,3
M00090,Activated,2025-08-31,4
M00091,Lead,2025-04-05,1
M00091,Qualified,2025-04-07,2
M00091,Approved,2025-04-12,3
M00092,Lead,2025-10-04,1
M00092,Qualified,2025-10-05,2
M00093,Lead,2025-12-20,1
M00093,Qualified,2025-12-22,2
M00093,Approved,2025-12-28,3
M00093,Activated,2026-01-02,4
M00094,Lead,2025-09-07,1
M00094,Qualified,2025-09-09,2
M00095,Lead,2025-10-17,1
M00096,Lead,2025-12-13,1
M00097,Lead,2025-05-23,1
M00097,Qualified,2025-05-27,2
M00097,Approved,2025-05-30,3
M00097,Activated,2025-06-10,4
M00098,Lead,2025-06-08,1
M00098,Qualified,2025-06-10,2
M00098,Approved,2025-06-21,3
M00098,Activated,2025-06-22,4
M00099,Lead,2025-10-21,1
M00099,Qualified,2025-10-24,2
M00100,Lead,2025-05-25,1
M00100,Qualified,2025-05-28,2
M00101,Lead,2025-05-09,1
M00101,Qualified,2025-05-11,2
M00101,Approved,2025-05-20,3
M00101,Activated,2025-05-25,4
M00102,Lead,2025-01-22,1
M00103,Lead,2025-06-25,1
M00103,Qualified,2025-06-29,2
M00103,Approved,2025-07-05,3
M00103,Activated,2025-07-15,4
M00104,Lead,2025-03-10,1
M00104,Qualified,2025-03-12,2
M00104,Approved,2025-03-15,3
M00104,Activated,2025-03-19,4
M00105,Lead,2025-06-01,1
M00105,Qualified,2025-06-04,2
M00106,Lead,2025-01-07,1
M00106,Qualified,2025-01-11,2
M00106,Approved,2025-01-27,3
M00106,Activated,2025-02-03,4
M00107,Lead,2025-04-04,1
M00107,Qualified,2025-04-06,2
M00108,Lead,2025-03-14,1
M00108,Qualified,2025-03-22,2
M00108,Approved,2025-03-27,3
M00108,Activated,2025-03-31,4
M00109,Lead,2025-12-18,1
M00110,Lead,2025-06-22,1
M00111,Lead,2025-03-15,1
M00111,Qualified,2025-03-20,2
M00111,Approved,2025-03-24,3
M00111,Activated,2025-03-27,4
M00112,Lead,2025-07-05,1
M00112,Qualified,2025-07-11,2
M00113,Lead,2025-11-06,1
M00113,Qualified,2025-11-10,2
M00114,Lead,2025-08-24,1
M00114,Qualified,2025-08-27,2
M00114,Approved,2025-09-01,3
M00114,Activated,2025-09-15,4
M00115,Lead,2025-12-09,1
M00116,Lead,2025-08-03,1
M00116,Qualified,2025-08-10,2
M00116,Approved,2025-08-17,3
M00116,Activated,2025-08-20,4
M00117,Lead,2025-01-12,1
M00117,Qualified,2025-01-15,2
M00118,Lead,2025-04-25,1
M00118,Qualified,2025-04-29,2
M00118,Approved,2025-05-03,3
M00118,Activated,2025-05-14,4
M00119,Lead,2025-02-28,1
M00119,Qualified,2025-03-03,2
M00119,Approved,2025-03-12,3
M00119,Activated,2025-03-17,4
M00120,Lead,2025-07-18,1
M00121,Lead,2025-11-22,1
M00121,Qualified,2025-11-23,2
M00121,Approved,2025-11-27,3
M00122,Lead,2025-03-09,1
M00122,Qualified,2025-03-11,2
M00123,Lead,2025-12-22,1
M00123,Qualified,2025-12-23,2
M00124,Lead,2025-06-23,1
M00124,Qualified,2025-06-25,2
M00124,Approved,2025-06-27,3
M00124,Activated,2025-06-29,4
M00125,Lead,2025-11-02,1
M00125,Qualified,2025-11-04,2
M00125,Approved,2025-11-06,3
M00126,Lead,2025-07-19,1
M00126,Qualified,2025-07-21,2
M00126,Approved,2025-07-25,3
M00126,Activated,2025-07-29,4
M00127,Lead,2025-12-22,1
M00128,Lead,2025-01-17,1
M00128,Qualified,2025-01-20,2
M00128,Approved,2025-01-22,3
M00128,Activated,2025-01-24,4
M00129,Lead,2025-06-29,1
M00129,Qualified,2025-07-04,2
M00129,Approved,2025-07-07,3
M00129,Activated,2025-07-08,4
M00130,Lead,2025-11-18,1
M00131,Lead,2025-05-06,1
M00131,Qualified,2025-05-08,2
M00131,Approved,2025-05-15,3
M00131,Activated,2025-05-21,4
M00132,Lead,2025-03-04,1
M00132,Qualified,2025-03-06,2
M00133,Lead,2025-11-24,1
M00133,Qualified,2025-11-28,2
M00133,Approved,2025-12-03,3
M00133,Activated,2025-12-06,4
M00134,Lead,2025-01-14,1
M00134,Qualified,2025-01-16,2
M00134,Approved,2025-01-18,3
M00134,Activated,2025-01-19,4
M00135,Lead,2025-10-17,1
M00135,Qualified,2025-10-21,2
M00135,Approved,2025-10-25,3
M00135,Activated,2025-10-27,4
M00136,Lead,2025-03-27,1
M00137,Lead,2025-11-26,1
M00137,Qualified,2025-11-28,2
M00137,Approved,2025-12-02,3
M00137,Activated,2025-12-06,4
M00138,Lead,2025-04-13,1
M00138,Qualified,2025-04-16,2
M00138,Approved,2025-04-22,3
M00139,Lead,2025-04-24,1
M00139,Qualified,2025-04-27,2
M00139,Approved,2025-04-29,3
M00139,Activated,2025-05-02,4
M00140,Lead,2025-11-12,1
M00140,Qualified,2025-11-15,2
M00141,Lead,2025-09-09,1
M00142,Lead,2025-01-19,1
M00143,Lead,2025-06-14,1
M00143,Qualified,2025-06-19,2
M00144,Lead,2025-11-22,1
M00144,Qualified,2025-11-23,2
M00145,Lead,2025-01-24,1
M00145,Qualified,2025-01-28,2
M00146,Lead,2025-08-20,1
M00146,Qualified,2025-08-21,2
M00146,Approved,2025-08-26,3
M00146,Activated,2025-09-04,4
M00147,Lead,2025-05-07,1
M00147,Qualified,2025-05-13,2
M00147,Approved,2025-05-21,3
M00147,Activated,2025-05-23,4
M00148,Lead,2025-05-05,1
M00148,Qualified,2025-05-07,2
M00148,Approved,2025-05-08,3
M00148,Activated,2025-05-21,4
M00149,Lead,2025-10-21,1
M00150,Lead,2025-01-10,1
M00150,Qualified,2025-01-14,2
M00150,Approved,2025-01-18,3
M00151,Lead,2025-09-21,1
M00151,Qualified,2025-09-22,2
M00151,Approved,2025-10-02,3
M00151,Activated,2025-10-11,4
M00152,Lead,2025-02-08,1
M00152,Qualified,2025-02-10,2
M00152,Approved,2025-02-13,3
M00152,Activated,2025-02-16,4
M00153,Lead,2025-12-02,1
M00153,Qualified,2025-12-05,2
M00154,Lead,2025-06-19,1
M00154,Qualified,2025-06-22,2
M00155,Lead,2025-06-30,1
M00156,Lead,2025-08-06,1
M00156,Qualified,2025-08-07,2
M00156,Approved,2025-08-09,3
M00156,Activated,2025-08-16,4
M00157,Lead,2025-10-29,1
M00157,Qualified,2025-10-31,2
M00157,Approved,2025-11-03,3
M00158,Lead,2025-03-19,1
M00158,Qualified,2025-03-20,2
M00158,Approved,2025-03-23,3
M00158,Activated,2025-03-29,4
M00159,Lead,2025-08-07,1
M00159,Qualified,2025-08-09,2
M00159,Approved,2025-08-11,3
M00160,Lead,2025-02-21,1
M00160,Qualified,2025-02-22,2
M00160,Approved,2025-02-26,3
M00160,Activated,2025-03-04,4
M00161,Lead,2025-03-06,1
M00161,Qualified,2025-03-13,2
M00161,Approved,2025-03-16,3
M00162,Lead,2025-05-01,1
M00162,Qualified,2025-05-04,2
M00162,Approved,2025-05-10,3
M00162,Activated,2025-05-13,4
M00163,Lead,2025-08-07,1
M00163,Qualified,2025-08-10,2
M00163,Approved,2025-08-15,3
M00163,Activated,2025-08-17,4
M00164,Lead,2025-03-24,1
M00164,Qualified,2025-03-27,2
M00164,Approved,2025-04-03,3
M00165,Lead,2025-05-25,1
M00165,Qualified,2025-05-27,2
M00165,Approved,2025-05-29,3
M00165,Activated,2025-06-01,4
M00166,Lead,2025-01-25,1
M00166,Qualified,2025-01-29,2
M00166,Approved,2025-02-05,3
M00167,Lead,2025-12-19,1
M00167,Qualified,2025-12-23,2
M00167,Approved,2025-12-28,3
M00168,Lead,2025-08-29,1
M00168,Qualified,2025-08-30,2
M00168,Approved,2025-09-02,3
M00168,Activated,2025-09-05,4
M00169,Lead,2025-11-16,1
M00169,Qualified,2025-11-18,2
M00170,Lead,2025-01-16,1
M00170,Qualified,2025-01-18,2
M00170,Approved,2025-01-19,3
M00170,Activated,2025-01-23,4
M00171,Lead,2025-05-19,1
M00171,Qualified,2025-05-22,2
M00171,Approved,2025-05-27,3
M00171,Activated,2025-05-29,4
M00172,Lead,2025-03-02,1
M00173,Lead,2025-05-18,1
M00173,Qualified,2025-05-21,2
M00173,Approved,2025-05-24,3
M00173,Activated,2025-05-27,4
M00174,Lead,2025-07-29,1
M00174,Qualified,2025-08-03,2
M00174,Approved,2025-08-04,3
M00174,Activated,2025-08-12,4
M00175,Lead,2025-07-09,1
M00175,Qualified,2025-07-11,2
M00175,Approved,2025-07-15,3
M00176,Lead,2025-12-22,1
M00177,Lead,2025-09-04,1
M00177,Qualified,2025-09-14,2
M00177,Approved,2025-09-16,3
M00177,Activated,2025-10-01,4
M00178,Lead,2025-01-01,1
M00178,Qualified,2025-01-02,2
M00178,Approved,2025-01-05,3
M00179,Lead,2025-01-15,1
M00179,Qualified,2025-01-20,2
M00180,Lead,2025-09-27,1
M00180,Qualified,2025-09-30,2
M00180,Approved,2025-10-04,3
M00180,Activated,2025-10-05,4
M00181,Lead,2025-09-13,1
M00181,Qualified,2025-09-18,2
M00182,Lead,2025-06-08,1
M00182,Qualified,2025-06-11,2
M00183,Lead,2025-07-07,1
M00183,Qualified,2025-07-08,2
M00183,Approved,2025-07-15,3
M00183,Activated,2025-07-16,4
M00184,Lead,2025-08-13,1
M00184,Qualified,2025-08-16,2
M00185,Lead,2025-11-13,1
M00185,Qualified,2025-11-16,2
M00186,Lead,2025-07-31,1
M00186,Qualified,2025-08-01,2
M00186,Approved,2025-08-04,3
M00186,Activated,2025-08-07,4
M00187,Lead,2025-06-10,1
M00187,Qualified,2025-06-14,2
M00187,Approved,2025-06-16,3
M00187,Activated,2025-06-19,4
M00188,Lead,2025-02-22,1
M00189,Lead,2025-12-15,1
M00189,Qualified,2025-12-16,2
M00189,Approved,2025-12-22,3
M00189,Activated,2025-12-24,4
M00190,Lead,2025-04-21,1
M00190,Qualified,2025-04-24,2
M00190,Approved,2025-04-26,3
M00191,Lead,2025-09-14,1
M00191,Qualified,2025-09-17,2
M00191,Approved,2025-09-21,3
M00191,Activated,2025-09-25,4
M00192,Lead,2025-11-15,1
M00192,Qualified,2025-11-20,2
M00192,Approved,2025-11-22,3
M00192,Activated,2025-11-27,4
M00193,Lead,2025-09-07,1
M00193,Qualified,2025-09-11,2
M00194,Lead,2025-07-01,1
M00194,Qualified,2025-07-04,2
M00195,Lead,2025-09-09,1
M00195,Qualified,2025-09-10,2
M00196,Lead,2025-09-13,1
M00197,Lead,2025-06-21,1
M00197,Qualified,2025-06-22,2
M00197,Approved,2025-06-29,3
M00197,Activated,2025-07-21,4
M00198,Lead,2025-06-20,1
M00199,Lead,2025-04-05,1
M00199,Qualified,2025-04-11,2
M00199,Approved,2025-04-17,3
M00199,Activated,2025-04-21,4
M00200,Lead,2025-01-20,1
M00200,Qualified,2025-01-24,2
M00201,Lead,2025-11-18,1
M00202,Lead,2025-04-23,1
M00202,Qualified,2025-04-25,2
M00202,Approved,2025-04-30,3
M00202,Activated,2025-05-04,4
M00203,Lead,2025-10-03,1
M00204,Lead,2025-11-15,1
M00204,Qualified,2025-11-17,2
M00204,Approved,2025-11-22,3
M00205,Lead,2025-06-25,1
M00205,Qualified,2025-06-29,2
M00205,Approved,2025-07-07,3
M00205,Activated,2025-07-14,4
M00206,Lead,2025-03-07,1
M00206,Qualified,2025-03-11,2
M00206,Approved,2025-03-15,3
M00206,Activated,2025-03-20,4
M00207,Lead,2025-01-08,1
M00208,Lead,2025-12-04,1
M00208,Qualified,2025-12-07,2
M00209,Lead,2025-09-15,1
M00209,Qualified,2025-09-17,2
M00210,Lead,2025-07-10,1
M00210,Qualified,2025-07-11,2
M00210,Approved,2025-07-26,3
M00210,Activated,2025-07-31,4
M00211,Lead,2025-03-12,1
M00211,Qualified,2025-03-14,2
M00211,Approved,2025-03-17,3
M00212,Lead,2025-07-05,1
M00212,Qualified,2025-07-07,2
M00212,Approved,2025-07-17,3
M00212,Activated,2025-07-20,4
M00213,Lead,2025-09-15,1
M00213,Qualified,2025-09-18,2
M00213,Approved,2025-09-24,3
M00213,Activated,2025-09-29,4
M00214,Lead,2025-04-17,1
M00215,Lead,2025-11-22,1
M00215,Qualified,2025-11-25,2
M00215,Approved,2025-11-28,3
M00216,Lead,2025-04-21,1
M00216,Qualified,2025-04-23,2
M00216,Approved,2025-04-29,3
M00216,Activated,2025-05-02,4
M00217,Lead,2025-02-11,1
M00217,Qualified,2025-02-12,2
M00217,Approved,2025-02-23,3
M00217,Activated,2025-03-09,4
M00218,Lead,2025-02-13,1
M00218,Qualified,2025-02-15,2
M00218,Approved,2025-02-19,3
M00218,Activated,2025-02-22,4
M00219,Lead,2025-06-21,1
M00219,Qualified,2025-06-23,2
M00219,Approved,2025-06-28,3
M00219,Activated,2025-07-02,4
M00220,Lead,2025-08-12,1
M00220,Qualified,2025-08-13,2
M00220,Approved,2025-08-20,3
M00220,Activated,2025-08-25,4
M00221,Lead,2025-05-25,1
M00222,Lead,2025-08-29,1
M00223,Lead,2025-08-22,1
M00224,Lead,2025-06-03,1
M00224,Qualified,2025-06-06,2
M00224,Approved,2025-06-11,3
M00224,Activated,2025-06-14,4
M00225,Lead,2025-11-07,1
M00225,Qualified,2025-11-13,2
M00225,Approved,2025-11-15,3
M00225,Activated,2025-11-20,4
M00226,Lead,2025-12-14,1
M00226,Qualified,2025-12-20,2
M00226,Approved,2025-12-31,3
M00226,Activated,2026-01-04,4
M00227,Lead,2025-08-15,1
M00227,Qualified,2025-08-24,2
M00227,Approved,2025-08-28,3
M00227,Activated,2025-09-03,4
M00228,Lead,2025-07-16,1
M00228,Qualified,2025-07-18,2
M00228,Approved,2025-07-22,3
M00228,Activated,2025-07-28,4
M00229,Lead,2025-12-03,1
M00230,Lead,2025-09-14,1
M00230,Qualified,2025-09-17,2
M00231,Lead,2025-09-26,1
M00231,Qualified,2025-09-28,2
M00231,Approved,2025-10-01,3
M00231,Activated,2025-10-06,4
M00232,Lead,2025-06-25,1
M00233,Lead,2025-08-19,1
M00233,Qualified,2025-08-23,2
M00234,Lead,2025-08-12,1
M00235,Lead,2025-11-15,1
M00235,Qualified,2025-11-19,2
M00236,Lead,2025-12-16,1
M00237,Lead,2025-12-31,1
M00237,Qualified,2026-01-02,2
M00237,Approved,2026-01-17,3
M00237,Activated,2026-01-20,4
M00238,Lead,2025-03-14,1
M00238,Qualified,2025-03-18,2
M00239,Lead,2025-06-21,1
M00239,Qualified,2025-06-25,2
M00240,Lead,2025-05-09,1
M00241,Lead,2025-05-18,1
M00241,Qualified,2025-05-21,2
M00241,Approved,2025-05-23,3
M00241,Activated,2025-05-29,4
M00242,Lead,2025-07-24,1
M00243,Lead,2025-06-23,1
M00243,Qualified,2025-06-24,2
M00244,Lead,2025-03-28,1
M00244,Qualified,2025-03-29,2
M00244,Approved,2025-04-02,3
M00244,Activated,2025-04-10,4
M00245,Lead,2025-02-08,1
M00245,Qualified,2025-02-09,2
M00245,Approved,2025-02-12,3
M00245,Activated,2025-02-18,4
M00246,Lead,2025-07-15,1
M00246,Qualified,2025-07-17,2
M00247,Lead,2025-02-05,1
M00248,Lead,2025-07-14,1
M00248,Qualified,2025-07-19,2
M00248,Approved,2025-07-24,3
M00248,Activated,2025-07-29,4
M00249,Lead,2025-05-10,1
M00249,Qualified,2025-05-16,2
M00249,Approved,2025-05-18,3
M00250,Lead,2025-04-01,1
M00250,Qualified,2025-04-10,2
M00250,Approved,2025-04-15,3
M00250,Activated,2025-04-20,4
M00251,Lead,2025-06-04,1
M00252,Lead,2025-03-04,1
M00252,Qualified,2025-03-06,2
M00252,Approved,2025-03-12,3
M00252,Activated,2025-03-18,4
M00253,Lead,2025-09-05,1
M00253,Qualified,2025-09-06,2
M00253,Approved,2025-09-11,3
M00253,Activated,2025-09-19,4
M00254,Lead,2025-04-07,1
M00254,Qualified,2025-04-09,2
M00254,Approved,2025-04-12,3
M00254,Activated,2025-04-18,4
M00255,Lead,2025-12-17,1
M00255,Qualified,2025-12-19,2
M00256,Lead,2025-08-30,1
M00256,Qualified,2025-09-03,2
M00256,Approved,2025-09-08,3
M00256,Activated,2025-09-18,4
M00257,Lead,2025-05-04,1
M00257,Qualified,2025-05-06,2
M00257,Approved,2025-05-11,3
M00257,Activated,2025-05-15,4
M00258,Lead,2025-02-16,1
M00258,Qualified,2025-02-20,2
M00259,Lead,2025-03-17,1
M00259,Qualified,2025-03-22,2
M00259,Approved,2025-03-27,3
M00259,Activated,2025-04-05,4
M00260,Lead,2025-07-22,1
M00260,Qualified,2025-07-24,2
M00260,Approved,2025-07-26,3
M00261,Lead,2025-02-24,1
M00261,Qualified,2025-02-26,2
M00262,Lead,2025-09-12,1
M00263,Lead,2025-07-27,1
M00263,Qualified,2025-07-29,2
M00263,Approved,2025-08-01,3
M00263,Activated,2025-08-03,4
M00264,Lead,2025-09-29,1
M00264,Qualified,2025-10-02,2
M00264,Approved,2025-10-11,3
M00265,Lead,2025-10-08,1
M00265,Qualified,2025-10-09,2
M00265,Approved,2025-10-13,3
M00265,Activated,2025-10-19,4
M00266,Lead,2025-01-23,1
M00266,Qualified,2025-01-26,2
M00266,Approved,2025-02-06,3
M00267,Lead,2025-07-15,1
M00267,Qualified,2025-07-22,2
M00267,Approved,2025-07-26,3
M00267,Activated,2025-08-06,4
M00268,Lead,2025-02-28,1
M00268,Qualified,2025-03-01,2
M00268,Approved,2025-03-04,3
M00268,Activated,2025-03-06,4
M00269,Lead,2025-02-02,1
M00270,Lead,2025-05-15,1
M00270,Qualified,2025-05-16,2
M00270,Approved,2025-05-21,3
M00271,Lead,2025-03-17,1
M00272,Lead,2025-11-29,1
M00273,Lead,2025-05-28,1
M00274,Lead,2025-09-08,1
M00274,Qualified,2025-09-09,2
M00274,Approved,2025-09-11,3
M00274,Activated,2025-09-17,4
M00275,Lead,2025-07-07,1
M00275,Qualified,2025-07-09,2
M00275,Approved,2025-07-13,3
M00275,Activated,2025-07-15,4
M00276,Lead,2025-07-14,1
M00276,Qualified,2025-07-16,2
M00276,Approved,2025-07-18,3
M00276,Activated,2025-07-20,4
M00277,Lead,2025-03-14,1
M00277,Qualified,2025-03-17,2
M00277,Approved,2025-03-21,3
M00277,Activated,2025-03-22,4
M00278,Lead,2025-03-26,1
M00278,Qualified,2025-03-27,2
M00279,Lead,2025-10-21,1
M00280,Lead,2025-10-08,1
M00281,Lead,2025-07-24,1
M00282,Lead,2025-03-07,1
M00282,Qualified,2025-03-09,2
M00282,Approved,2025-03-11,3
M00282,Activated,2025-03-13,4
M00283,Lead,2025-07-19,1
M00284,Lead,2025-05-01,1
M00285,Lead,2025-11-18,1
M00285,Qualified,2025-11-23,2
M00285,Approved,2025-11-28,3
M00285,Activated,2025-11-29,4
M00286,Lead,2025-03-10,1
M00286,Qualified,2025-03-15,2
M00286,Approved,2025-03-17,3
M00286,Activated,2025-03-22,4
M00287,Lead,2025-09-08,1
M00288,Lead,2025-07-05,1
M00289,Lead,2025-01-04,1
M00289,Qualified,2025-01-07,2
M00289,Approved,2025-01-10,3
M00289,Activated,2025-01-12,4
M00290,Lead,2025-04-04,1
M00290,Qualified,2025-04-06,2
M00290,Approved,2025-04-10,3
M00290,Activated,2025-04-12,4
M00291,Lead,2025-06-13,1
M00291,Qualified,2025-06-15,2
M00291,Approved,2025-06-20,3
M00291,Activated,2025-06-23,4
M00292,Lead,2025-01-06,1
M00292,Qualified,2025-01-07,2
M00293,Lead,2025-11-01,1
M00293,Qualified,2025-11-04,2
M00293,Approved,2025-11-12,3
M00293,Activated,2025-11-25,4
M00294,Lead,2025-11-18,1
M00294,Qualified,2025-11-20,2
M00294,Approved,2025-11-21,3
M00294,Activated,2025-11-25,4
M00295,Lead,2025-03-28,1
M00296,Lead,2025-06-03,1
M00297,Lead,2025-07-24,1
M00297,Qualified,2025-07-31,2
M00297,Approved,2025-08-01,3
M00297,Activated,2025-08-04,4
M00298,Lead,2025-03-18,1
M00298,Qualified,2025-03-21,2
M00299,Lead,2025-03-09,1
M00299,Qualified,2025-03-14,2
M00299,Approved,2025-03-17,3
M00299,Activated,2025-03-20,4
M00300,Lead,2025-10-30,1
M00300,Qualified,2025-11-02,2
M00300,Approved,2025-11-06,3
M00300,Activated,2025-11-08,4
M00301,Lead,2025-12-10,1
M00301,Qualified,2025-12-14,2
M00301,Approved,2025-12-16,3
M00301,Activated,2026-01-06,4
M00302,Lead,2025-02-16,1
M00302,Qualified,2025-02-17,2
M00302,Approved,2025-02-26,3
M00302,Activated,2025-03-03,4
M00303,Lead,2025-11-11,1
M00303,Qualified,2025-11-17,2
M00303,Approved,2025-11-19,3
M00304,Lead,2025-11-08,1
M00304,Qualified,2025-11-10,2
M00304,Approved,2025-11-12,3
M00304,Activated,2025-11-14,4
M00305,Lead,2025-07-03,1
M00306,Lead,2025-11-30,1
M00307,Lead,2025-06-11,1
M00307,Qualified,2025-06-13,2
M00307,Approved,2025-06-18,3
M00307,Activated,2025-06-23,4
M00308,Lead,2025-12-15,1
M00308,Qualified,2025-12-17,2
M00308,Approved,2025-12-22,3
M00308,Activated,2025-12-24,4
M00309,Lead,2025-12-17,1
M00309,Qualified,2025-12-20,2
M00309,Approved,2025-12-23,3
M00309,Activated,2025-12-25,4
M00310,Lead,2025-06-17,1
M00310,Qualified,2025-06-19,2
M00310,Approved,2025-06-25,3
M00310,Activated,2025-06-29,4
M00311,Lead,2025-09-04,1
M00312,Lead,2025-06-30,1
M00313,Lead,2025-12-20,1
M00313,Qualified,2025-12-21,2
M00313,Approved,2025-12-24,3
M00313,Activated,2025-12-29,4
M00314,Lead,2025-07-15,1
M00314,Qualified,2025-07-20,2
M00314,Approved,2025-07-25,3
M00314,Activated,2025-07-27,4
M00315,Lead,2025-07-19,1
M00315,Qualified,2025-07-24,2
M00316,Lead,2025-12-17,1
M00316,Qualified,2025-12-19,2
M00317,Lead,2025-03-12,1
M00317,Qualified,2025-03-16,2
M00317,Approved,2025-03-20,3
M00317,Activated,2025-03-24,4
M00318,Lead,2025-01-06,1
M00319,Lead,2025-10-19,1
M00319,Qualified,2025-10-21,2
M00319,Approved,2025-10-25,3
M00319,Activated,2025-10-29,4
M00320,Lead,2025-03-21,1
M00320,Qualified,2025-03-23,2
M00320,Approved,2025-03-27,3
M00320,Activated,2025-04-01,4
M00321,Lead,2025-02-22,1
M00321,Qualified,2025-02-25,2
M00321,Approved,2025-03-02,3
M00322,Lead,2025-01-12,1
M00322,Qualified,2025-01-14,2
M00322,Approved,2025-01-17,3
M00322,Activated,2025-01-19,4
M00323,Lead,2025-03-10,1
M00323,Qualified,2025-03-16,2
M00323,Approved,2025-03-19,3
M00323,Activated,2025-03-27,4
M00324,Lead,2025-03-12,1
M00324,Qualified,2025-03-14,2
M00324,Approved,2025-03-15,3
M00324,Activated,2025-03-16,4
M00325,Lead,2025-02-21,1
M00325,Qualified,2025-02-25,2
M00326,Lead,2025-02-27,1
M00326,Qualified,2025-03-02,2
M00326,Approved,2025-03-04,3
M00326,Activated,2025-03-06,4
M00327,Lead,2025-03-08,1
M00327,Qualified,2025-03-14,2
M00328,Lead,2025-05-14,1
M00328,Qualified,2025-05-16,2
M00328,Approved,2025-05-22,3
M00328,Activated,2025-05-26,4
M00329,Lead,2025-05-18,1
M00329,Qualified,2025-05-20,2
M00329,Approved,2025-05-23,3
M00330,Lead,2025-04-06,1
M00330,Qualified,2025-04-10,2
M00330,Approved,2025-04-14,3
M00331,Lead,2025-09-13,1
M00331,Qualified,2025-09-19,2
M00331,Approved,2025-09-20,3
M00331,Activated,2025-09-23,4
M00332,Lead,2025-03-05,1
M00332,Qualified,2025-03-07,2
M00333,Lead,2025-02-22,1
M00333,Qualified,2025-02-25,2
M00333,Approved,2025-03-02,3
M00333,Activated,2025-03-07,4
M00334,Lead,2025-07-05,1
M00334,Qualified,2025-07-09,2
M00334,Approved,2025-07-13,3
M00335,Lead,2025-11-15,1
M00335,Qualified,2025-11-21,2
M00336,Lead,2025-05-04,1
M00336,Qualified,2025-05-08,2
M00336,Approved,2025-05-12,3
M00336,Activated,2025-05-16,4
M00337,Lead,2025-02-16,1
M00337,Qualified,2025-02-17,2
M00337,Approved,2025-02-23,3
M00337,Activated,2025-02-28,4
M00338,Lead,2025-01-17,1
M00338,Qualified,2025-01-22,2
M00338,Approved,2025-01-31,3
M00338,Activated,2025-02-01,4
M00339,Lead,2025-01-09,1
M00339,Qualified,2025-01-10,2
M00339,Approved,2025-01-13,3
M00339,Activated,2025-01-18,4
M00340,Lead,2025-04-08,1
M00340,Qualified,2025-04-12,2
M00340,Approved,2025-04-16,3
M00340,Activated,2025-04-21,4
M00341,Lead,2025-11-28,1
M00342,Lead,2025-05-08,1
M00343,Lead,2025-05-31,1
M00343,Qualified,2025-06-04,2
M00343,Approved,2025-06-15,3
M00343,Activated,2025-06-22,4
M00344,Lead,2025-10-25,1
M00344,Qualified,2025-10-27,2
M00344,Approved,2025-10-31,3
M00345,Lead,2025-07-04,1
M00345,Qualified,2025-07-06,2
M00345,Approved,2025-07-12,3
M00345,Activated,2025-07-15,4
M00346,Lead,2025-07-28,1
M00347,Lead,2025-09-16,1
M00348,Lead,2025-01-20,1
M00348,Qualified,2025-01-21,2
M00348,Approved,2025-01-24,3
M00349,Lead,2025-10-15,1
M00350,Lead,2025-09-03,1
M00350,Qualified,2025-09-06,2
M00350,Approved,2025-09-09,3
M00350,Activated,2025-09-11,4
M00351,Lead,2025-10-24,1
M00351,Qualified,2025-10-28,2
M00351,Approved,2025-10-30,3
M00351,Activated,2025-11-03,4
M00352,Lead,2025-12-29,1
M00353,Lead,2025-02-01,1
M00354,Lead,2025-11-16,1
M00354,Qualified,2025-11-17,2
M00354,Approved,2025-11-20,3
M00354,Activated,2025-11-24,4
M00355,Lead,2025-05-05,1
M00355,Qualified,2025-05-10,2
M00355,Approved,2025-05-12,3
M00355,Activated,2025-05-23,4
M00356,Lead,2025-08-04,1
M00356,Qualified,2025-08-07,2
M00357,Lead,2025-11-23,1
M00357,Qualified,2025-11-25,2
M00357,Approved,2025-11-28,3
M00358,Lead,2025-10-17,1
M00359,Lead,2025-05-29,1
M00360,Lead,2025-03-17,1
M00360,Qualified,2025-03-19,2
M00360,Approved,2025-03-23,3
M00361,Lead,2025-07-05,1
M00362,Lead,2025-11-26,1
M00363,Lead,2025-05-05,1
M00363,Qualified,2025-05-06,2
M00363,Approved,2025-05-09,3
M00364,Lead,2025-06-28,1
M00364,Qualified,2025-06-30,2
M00364,Approved,2025-07-04,3
M00364,Activated,2025-07-14,4
M00365,Lead,2025-07-08,1
M00365,Qualified,2025-07-10,2
M00365,Approved,2025-07-16,3
M00366,Lead,2025-02-27,1
M00366,Qualified,2025-03-02,2
M00366,Approved,2025-03-06,3
M00366,Activated,2025-03-11,4
M00367,Lead,2025-12-01,1
M00367,Qualified,2025-12-02,2
M00367,Approved,2025-12-12,3
M00367,Activated,2025-12-15,4
M00368,Lead,2025-02-01,1
M00368,Qualified,2025-02-04,2
M00368,Approved,2025-02-06,3
M00368,Activated,2025-02-11,4
M00369,Lead,2025-03-23,1
M00369,Qualified,2025-03-26,2
M00369,Approved,2025-03-29,3
M00369,Activated,2025-04-01,4
M00370,Lead,2025-04-23,1
M00371,Lead,2025-05-29,1
M00372,Lead,2025-05-20,1
M00373,Lead,2025-08-19,1
M00374,Lead,2025-11-07,1
M00374,Qualified,2025-11-10,2
M00374,Approved,2025-11-13,3
M00374,Activated,2025-11-15,4
M00375,Lead,2025-10-20,1
M00375,Qualified,2025-10-22,2
M00375,Approved,2025-10-25,3
M00375,Activated,2025-11-09,4
M00376,Lead,2025-01-29,1
M00376,Qualified,2025-02-03,2
M00376,Approved,2025-02-09,3
M00377,Lead,2025-01-19,1
M00377,Qualified,2025-01-20,2
M00377,Approved,2025-01-24,3
M00378,Lead,2025-01-19,1
M00378,Qualified,2025-01-22,2
M00378,Approved,2025-01-25,3
M00378,Activated,2025-01-27,4
M00379,Lead,2025-02-09,1
M00380,Lead,2025-09-02,1
M00380,Qualified,2025-09-05,2
M00380,Approved,2025-09-10,3
M00380,Activated,2025-09-18,4
M00381,Lead,2025-09-28,1
M00381,Qualified,2025-10-01,2
M00382,Lead,2025-11-15,1
M00382,Qualified,2025-11-17,2
M00382,Approved,2025-11-21,3
M00382,Activated,2025-11-25,4
M00383,Lead,2025-09-23,1
M00383,Qualified,2025-09-28,2
M00383,Approved,2025-10-02,3
M00384,Lead,2025-06-21,1
M00384,Qualified,2025-06-23,2
M00384,Approved,2025-06-27,3
M00384,Activated,2025-06-30,4
M00385,Lead,2025-05-31,1
M00385,Qualified,2025-06-02,2
M00385,Approved,2025-06-06,3
M00385,Activated,2025-06-11,4
M00386,Lead,2025-12-29,1
M00387,Lead,2025-01-14,1
M00387,Qualified,2025-01-15,2
M00387,Approved,2025-01-21,3
M00388,Lead,2025-04-06,1
M00388,Qualified,2025-04-10,2
M00389,Lead,2025-08-15,1
M00390,Lead,2025-12-04,1
M00391,Lead,2025-01-07,1
M00391,Qualified,2025-01-12,2
M00392,Lead,2025-08-20,1
M00392,Qualified,2025-08-24,2
M00392,Approved,2025-08-30,3
M00392,Activated,2025-09-06,4
M00393,Lead,2025-06-04,1
M00393,Qualified,2025-06-07,2
M00393,Approved,2025-06-20,3
M00393,Activated,2025-06-27,4
M00394,Lead,2025-09-09,1
M00394,Qualified,2025-09-13,2
M00394,Approved,2025-09-16,3
M00394,Activated,2025-09-29,4
M00395,Lead,2025-12-06,1
M00396,Lead,2025-07-17,1
M00397,Lead,2025-04-24,1
M00397,Qualified,2025-04-26,2
M00397,Approved,2025-05-01,3
M00397,Activated,2025-05-15,4
M00398,Lead,2025-12-14,1
M00398,Qualified,2025-12-15,2
M00399,Lead,2025-03-28,1
M00399,Qualified,2025-03-30,2
M00400,Lead,2025-10-07,1
M00400,Qualified,2025-10-12,2
M00400,Approved,2025-10-14,3
M00400,Activated,2025-10-16,4
M00401,Lead,2025-08-01,1
M00401,Qualified,2025-08-02,2
M00402,Lead,2025-01-21,1
M00402,Qualified,2025-01-23,2
M00402,Approved,2025-01-27,3
M00402,Activated,2025-01-30,4
M00403,Lead,2025-09-15,1
M00403,Qualified,2025-09-17,2
M00403,Approved,2025-09-18,3
M00403,Activated,2025-09-19,4
M00404,Lead,2025-11-13,1
M00404,Qualified,2025-11-14,2
M00404,Approved,2025-11-20,3
M00404,Activated,2025-11-22,4
M00405,Lead,2025-05-25,1
M00405,Qualified,2025-05-28,2
M00406,Lead,2025-02-06,1
M00407,Lead,2025-05-18,1
M00408,Lead,2025-03-21,1
M00408,Qualified,2025-03-23,2
M00408,Approved,2025-04-01,3
M00408,Activated,2025-04-05,4
M00409,Lead,2025-11-30,1
M00409,Qualified,2025-12-04,2
M00409,Approved,2025-12-06,3
M00409,Activated,2025-12-08,4
M00410,Lead,2025-08-20,1
M00410,Qualified,2025-08-21,2
M00410,Approved,2025-08-25,3
M00411,Lead,2025-08-05,1
M00412,Lead,2025-09-01,1
M00413,Lead,2025-11-21,1
M00413,Qualified,2025-11-23,2
M00413,Approved,2025-11-26,3
M00413,Activated,2025-12-01,4
M00414,Lead,2025-04-08,1
M00414,Qualified,2025-04-14,2
M00415,Lead,2025-04-05,1
M00416,Lead,2025-05-16,1
M00416,Qualified,2025-05-17,2
M00416,Approved,2025-05-22,3
M00416,Activated,2025-05-27,4
M00417,Lead,2025-06-14,1
M00417,Qualified,2025-06-16,2
M00418,Lead,2025-04-03,1
M00418,Qualified,2025-04-07,2
M00418,Approved,2025-04-09,3
M00419,Lead,2025-06-02,1
M00419,Qualified,2025-06-07,2
M00419,Approved,2025-06-12,3
M00419,Activated,2025-06-19,4
M00420,Lead,2025-07-04,1
M00420,Qualified,2025-07-06,2
M00420,Approved,2025-07-08,3
M00420,Activated,2025-07-12,4
M00421,Lead,2025-11-13,1
M00421,Qualified,2025-11-17,2
M00421,Approved,2025-11-21,3
M00421,Activated,2025-11-23,4
M00422,Lead,2025-08-02,1
M00422,Qualified,2025-08-05,2
M00422,Approved,2025-08-07,3
M00423,Lead,2025-11-05,1
M00424,Lead,2025-10-06,1
M00424,Qualified,2025-10-08,2
M00425,Lead,2025-10-10,1
M00425,Qualified,2025-10-11,2
M00426,Lead,2025-08-28,1
M00426,Qualified,2025-08-31,2
M00426,Approved,2025-09-04,3
M00426,Activated,2025-09-05,4
M00427,Lead,2025-07-11,1
M00427,Qualified,2025-07-14,2
M00427,Approved,2025-07-16,3
M00427,Activated,2025-07-20,4
M00428,Lead,2025-06-07,1
M00428,Qualified,2025-06-09,2
M00428,Approved,2025-06-12,3
M00428,Activated,2025-07-09,4
M00429,Lead,2025-10-11,1
M00429,Qualified,2025-10-14,2
M00430,Lead,2025-08-25,1
M00430,Qualified,2025-08-31,2
M00430,Approved,2025-09-07,3
M00430,Activated,2025-09-09,4
M00431,Lead,2025-05-10,1
M00431,Qualified,2025-05-11,2
M00432,Lead,2025-07-06,1
M00433,Lead,2025-06-28,1
M00434,Lead,2025-05-17,1
M00434,Qualified,2025-05-19,2
M00434,Approved,2025-05-20,3
M00434,Activated,2025-05-25,4
M00435,Lead,2025-02-25,1
M00435,Qualified,2025-03-03,2
M00435,Approved,2025-03-06,3
M00435,Activated,2025-03-10,4
M00436,Lead,2025-04-05,1
M00436,Qualified,2025-04-06,2
M00436,Approved,2025-04-08,3
M00436,Activated,2025-04-12,4
M00437,Lead,2025-09-14,1
M00437,Qualified,2025-09-19,2
M00438,Lead,2025-01-09,1
M00438,Qualified,2025-01-13,2
M00438,Approved,2025-01-15,3
M00438,Activated,2025-01-17,4
M00439,Lead,2025-08-17,1
M00440,Lead,2025-06-01,1
M00440,Qualified,2025-06-10,2
M00440,Approved,2025-06-12,3
M00441,Lead,2025-12-14,1
M00441,Qualified,2025-12-15,2
M00441,Approved,2025-12-19,3
M00441,Activated,2025-12-22,4
M00442,Lead,2025-04-20,1
M00442,Qualified,2025-04-23,2
M00442,Approved,2025-04-26,3
M00442,Activated,2025-04-29,4
M00443,Lead,2025-03-20,1
M00444,Lead,2025-06-06,1
M00444,Qualified,2025-06-12,2
M00444,Approved,2025-06-17,3
M00444,Activated,2025-06-24,4
M00445,Lead,2025-03-17,1
M00445,Qualified,2025-03-19,2
M00445,Approved,2025-03-23,3
M00445,Activated,2025-03-28,4
M00446,Lead,2025-08-19,1
M00446,Qualified,2025-08-21,2
M00446,Approved,2025-08-30,3
M00446,Activated,2025-09-02,4
M00447,Lead,2025-12-02,1
M00448,Lead,2025-01-23,1
M00449,Lead,2025-03-25,1
M00449,Qualified,2025-03-27,2
M00450,Lead,2025-05-23,1
M00450,Qualified,2025-05-28,2
M00450,Approved,2025-06-02,3
M00450,Activated,2025-06-28,4
M00451,Lead,2025-01-01,1
M00451,Qualified,2025-01-07,2
M00451,Approved,2025-01-17,3
M00451,Activated,2025-01-21,4
M00452,Lead,2025-02-28,1
M00452,Qualified,2025-03-03,2
M00452,Approved,2025-03-09,3
M00452,Activated,2025-03-12,4
M00453,Lead,2025-01-17,1
M00453,Qualified,2025-01-19,2
M00454,Lead,2025-12-04,1
M00454,Qualified,2025-12-05,2
M00454,Approved,2025-12-08,3
M00454,Activated,2025-12-11,4
M00455,Lead,2025-02-24,1
M00455,Qualified,2025-02-27,2
M00455,Approved,2025-03-01,3
M00455,Activated,2025-03-06,4
M00456,Lead,2025-05-10,1
M00457,Lead,2025-06-29,1
M00457,Qualified,2025-07-07,2
M00457,Approved,2025-07-10,3
M00458,Lead,2025-11-23,1
M00459,Lead,2025-07-06,1
M00459,Qualified,2025-07-08,2
M00460,Lead,2025-11-22,1
M00461,Lead,2025-07-21,1
M00461,Qualified,2025-07-26,2
M00461,Approved,2025-08-04,3
M00461,Activated,2025-08-06,4
M00462,Lead,2025-10-30,1
M00462,Qualified,2025-11-02,2
M00462,Approved,2025-11-06,3
M00462,Activated,2025-11-08,4
M00463,Lead,2025-04-15,1
M00463,Qualified,2025-04-17,2
M00463,Approved,2025-04-20,3
M00463,Activated,2025-04-21,4
M00464,Lead,2025-05-26,1
M00465,Lead,2025-03-16,1
M00465,Qualified,2025-03-19,2
M00465,Approved,2025-03-25,3
M00465,Activated,2025-04-01,4
M00466,Lead,2025-10-17,1
M00466,Qualified,2025-10-22,2
M00466,Approved,2025-10-27,3
M00466,Activated,2025-11-01,4
M00467,Lead,2025-03-01,1
M00467,Qualified,2025-03-03,2
M00467,Approved,2025-03-16,3
M00467,Activated,2025-03-20,4
M00468,Lead,2025-01-23,1
M00468,Qualified,2025-01-30,2
M00469,Lead,2025-01-11,1
M00469,Qualified,2025-01-17,2
M00469,Approved,2025-01-22,3
M00469,Activated,2025-01-25,4
M00470,Lead,2025-12-13,1
M00470,Qualified,2025-12-15,2
M00470,Approved,2025-12-20,3
M00471,Lead,2025-10-20,1
M00471,Qualified,2025-10-22,2
M00472,Lead,2025-06-04,1
M00473,Lead,2025-05-12,1
M00473,Qualified,2025-05-15,2
M00474,Lead,2025-11-06,1
M00474,Qualified,2025-11-10,2
M00474,Approved,2025-11-15,3
M00474,Activated,2025-11-16,4
M00475,Lead,2025-02-26,1
M00475,Qualified,2025-02-28,2
M00475,Approved,2025-03-05,3
M00475,Activated,2025-03-08,4
M00476,Lead,2025-06-19,1
M00477,Lead,2025-04-22,1
M00477,Qualified,2025-04-24,2
M00478,Lead,2025-05-16,1
M00478,Qualified,2025-05-19,2
M00478,Approved,2025-05-21,3
M00478,Activated,2025-05-25,4
M00479,Lead,2025-04-04,1
M00479,Qualified,2025-04-09,2
M00479,Approved,2025-04-11,3
M00479,Activated,2025-04-15,4
M00480,Lead,2025-04-24,1
M00480,Qualified,2025-04-26,2
M00480,Approved,2025-04-29,3
M00481,Lead,2025-06-02,1
M00482,Lead,2025-03-15,1
M00482,Qualified,2025-03-20,2
M00483,Lead,2025-10-07,1
M00483,Qualified,2025-10-10,2
M00483,Approved,2025-10-16,3
M00484,Lead,2025-04-29,1
M00484,Qualified,2025-05-01,2
M00484,Approved,2025-05-04,3
M00484,Activated,2025-05-11,4
M00485,Lead,2025-01-28,1
M00485,Qualified,2025-01-30,2
M00485,Approved,2025-02-03,3
M00485,Activated,2025-02-08,4
M00486,Lead,2025-04-02,1
M00486,Qualified,2025-04-04,2
M00486,Approved,2025-04-08,3
M00486,Activated,2025-04-14,4
M00487,Lead,2025-09-10,1
M00487,Qualified,2025-09-11,2
M00488,Lead,2025-02-20,1
M00488,Qualified,2025-02-22,2
M00488,Approved,2025-02-24,3
M00488,Activated,2025-03-07,4
M00489,Lead,2025-01-13,1
M00489,Qualified,2025-01-14,2
M00490,Lead,2025-09-08,1
M00491,Lead,2025-10-07,1
M00492,Lead,2025-04-27,1
M00493,Lead,2025-09-07,1
M00494,Lead,2025-11-04,1
M00494,Qualified,2025-11-07,2
M00494,Approved,2025-11-10,3
M00495,Lead,2025-11-24,1
M00495,Qualified,2025-11-28,2
M00495,Approved,2025-12-03,3
M00496,Lead,2025-03-10,1
M00496,Qualified,2025-03-14,2
M00496,Approved,2025-03-19,3
M00496,Activated,2025-03-24,4
M00497,Lead,2025-03-25,1
M00497,Qualified,2025-03-27,2
M00498,Lead,2025-12-07,1
M00499,Lead,2025-06-18,1
M00499,Qualified,2025-06-20,2
M00499,Approved,2025-06-23,3
M00499,Activated,2025-06-27,4
M00500,Lead,2025-06-12,1
M00500,Qualified,2025-06-15,2
M00500,Approved,2025-06-18,3
M00500,Activated,2025-06-20,4
M00501,Lead,2025-06-27,1
M00502,Lead,2025-09-07,1
M00502,Qualified,2025-09-15,2
M00502,Approved,2025-09-21,3
M00502,Activated,2025-09-26,4
M00503,Lead,2025-08-05,1
M00503,Qualified,2025-08-06,2
M00503,Approved,2025-08-11,3
M00503,Activated,2025-08-17,4
M00504,Lead,2025-01-18,1
M00504,Qualified,2025-01-19,2
M00504,Approved,2025-01-22,3
M00504,Activated,2025-01-25,4
M00505,Lead,2025-08-20,1
M00505,Qualified,2025-08-23,2
M00506,Lead,2025-12-08,1
M00506,Qualified,2025-12-10,2
M00506,Approved,2025-12-12,3
M00506,Activated,2025-12-16,4
M00507,Lead,2025-07-27,1
M00507,Qualified,2025-07-28,2
M00507,Approved,2025-08-01,3
M00507,Activated,2025-08-03,4
M00508,Lead,2025-07-22,1
M00509,Lead,2025-08-14,1
M00509,Qualified,2025-08-16,2
M00509,Approved,2025-08-29,3
M00509,Activated,2025-09-02,4
M00510,Lead,2025-12-13,1
M00510,Qualified,2025-12-14,2
M00510,Approved,2025-12-17,3
M00510,Activated,2025-12-20,4
M00511,Lead,2025-12-13,1
M00512,Lead,2025-09-27,1
M00512,Qualified,2025-09-30,2
M00512,Approved,2025-10-05,3
M00513,Lead,2025-11-23,1
M00513,Qualified,2025-12-01,2
M00513,Approved,2025-12-06,3
M00513,Activated,2025-12-11,4
M00514,Lead,2025-05-01,1
M00515,Lead,2025-09-06,1
M00515,Qualified,2025-09-09,2
M00515,Approved,2025-09-14,3
M00516,Lead,2025-10-05,1
M00517,Lead,2025-10-29,1
M00517,Qualified,2025-10-30,2
M00517,Approved,2025-11-03,3
M00517,Activated,2025-11-07,4
M00518,Lead,2025-11-13,1
M00518,Qualified,2025-11-14,2
M00518,Approved,2025-11-20,3
M00518,Activated,2025-11-22,4
M00519,Lead,2025-10-30,1
M00519,Qualified,2025-10-31,2
M00520,Lead,2025-07-08,1
M00520,Qualified,2025-07-14,2
M00520,Approved,2025-07-17,3
M00520,Activated,2025-07-21,4
M00521,Lead,2025-05-04,1
M00522,Lead,2025-09-01,1
M00522,Qualified,2025-09-08,2
M00522,Approved,2025-09-14,3
M00522,Activated,2025-09-15,4
M00523,Lead,2025-07-12,1
M00524,Lead,2025-07-14,1
M00524,Qualified,2025-07-16,2
M00525,Lead,2025-12-26,1
M00525,Qualified,2025-12-31,2
M00525,Approved,2026-01-03,3
M00525,Activated,2026-01-04,4
M00526,Lead,2025-05-24,1
M00526,Qualified,2025-05-26,2
M00527,Lead,2025-02-17,1
M00527,Qualified,2025-02-21,2
M00527,Approved,2025-02-26,3
M00527,Activated,2025-03-03,4
M00528,Lead,2025-08-22,1
M00528,Qualified,2025-08-30,2
M00528,Approved,2025-09-01,3
M00528,Activated,2025-09-10,4
M00529,Lead,2025-06-30,1
M00529,Qualified,2025-07-03,2
M00529,Approved,2025-07-10,3
M00530,Lead,2025-12-02,1
M00531,Lead,2025-03-21,1
M00531,Qualified,2025-03-25,2
M00531,Approved,2025-03-28,3
M00531,Activated,2025-03-31,4
M00532,Lead,2025-04-11,1
M00532,Qualified,2025-04-12,2
M00532,Approved,2025-04-15,3
M00532,Activated,2025-04-19,4
M00533,Lead,2025-04-06,1
M00533,Qualified,2025-04-08,2
M00533,Approved,2025-04-14,3
M00533,Activated,2025-04-17,4
M00534,Lead,2025-01-16,1
M00534,Qualified,2025-01-18,2
M00534,Approved,2025-01-23,3
M00534,Activated,2025-01-31,4
M00535,Lead,2025-11-29,1
M00536,Lead,2025-07-07,1
M00536,Qualified,2025-07-08,2
M00536,Approved,2025-07-12,3
M00536,Activated,2025-07-16,4
M00537,Lead,2025-10-13,1
M00537,Qualified,2025-10-17,2
M00538,Lead,2025-10-10,1
M00539,Lead,2025-11-27,1
M00539,Qualified,2025-11-29,2
M00540,Lead,2025-04-08,1
M00540,Qualified,2025-04-12,2
M00540,Approved,2025-04-18,3
M00540,Activated,2025-04-21,4
M00541,Lead,2025-12-19,1
M00541,Qualified,2025-12-23,2
M00542,Lead,2025-06-07,1
M00543,Lead,2025-05-03,1
M00543,Qualified,2025-05-07,2
M00544,Lead,2025-02-20,1
M00545,Lead,2025-02-06,1
M00545,Qualified,2025-02-08,2
M00545,Approved,2025-02-11,3
M00546,Lead,2025-08-23,1
M00546,Qualified,2025-08-26,2
M00546,Approved,2025-09-04,3
M00546,Activated,2025-09-06,4
M00547,Lead,2025-07-06,1
M00547,Qualified,2025-07-11,2
M00547,Approved,2025-07-27,3
M00547,Activated,2025-07-31,4
M00548,Lead,2025-05-22,1
M00548,Qualified,2025-05-27,2
M00549,Lead,2025-02-13,1
M00549,Qualified,2025-02-20,2
M00549,Approved,2025-02-24,3
M00549,Activated,2025-03-01,4
M00550,Lead,2025-04-10,1
M00550,Qualified,2025-04-17,2
M00550,Approved,2025-04-19,3
M00550,Activated,2025-04-27,4
M00551,Lead,2025-10-25,1
M00551,Qualified,2025-10-26,2
M00551,Approved,2025-11-01,3
M00551,Activated,2025-11-05,4
M00552,Lead,2025-09-19,1
M00552,Qualified,2025-09-21,2
M00552,Approved,2025-09-29,3
M00552,Activated,2025-10-01,4
M00553,Lead,2025-12-08,1
M00554,Lead,2025-01-08,1
M00554,Qualified,2025-01-10,2
M00554,Approved,2025-01-14,3
M00554,Activated,2025-01-17,4
M00555,Lead,2025-06-25,1
M00556,Lead,2025-06-16,1
M00556,Qualified,2025-06-19,2
M00557,Lead,2025-01-04,1
M00558,Lead,2025-06-26,1
M00559,Lead,2025-01-26,1
M00559,Qualified,2025-01-28,2
M00559,Approved,2025-02-01,3
M00559,Activated,2025-02-06,4
M00560,Lead,2025-07-11,1
M00560,Qualified,2025-07-15,2
M00560,Approved,2025-07-18,3
M00560,Activated,2025-07-26,4
M00561,Lead,2025-04-08,1
M00561,Qualified,2025-04-11,2
M00561,Approved,2025-04-18,3
M00562,Lead,2025-05-05,1
M00562,Qualified,2025-05-06,2
M00562,Approved,2025-05-11,3
M00562,Activated,2025-05-13,4
M00563,Lead,2025-08-27,1
M00564,Lead,2025-07-14,1
M00564,Qualified,2025-07-15,2
M00564,Approved,2025-07-19,3
M00565,Lead,2025-10-07,1
M00565,Qualified,2025-10-10,2
M00565,Approved,2025-10-15,3
M00565,Activated,2025-10-19,4
M00566,Lead,2025-07-14,1
M00566,Qualified,2025-07-17,2
M00566,Approved,2025-07-20,3
M00566,Activated,2025-07-24,4
M00567,Lead,2025-03-14,1
M00568,Lead,2025-11-20,1
M00569,Lead,2025-03-05,1
M00570,Lead,2025-03-30,1
M00570,Qualified,2025-04-01,2
M00571,Lead,2025-04-10,1
M00571,Qualified,2025-04-13,2
M00572,Lead,2025-05-09,1
M00572,Qualified,2025-05-11,2
M00572,Approved,2025-05-17,3
M00572,Activated,2025-05-24,4
M00573,Lead,2025-10-25,1
M00574,Lead,2025-09-21,1
M00574,Qualified,2025-09-24,2
M00574,Approved,2025-09-27,3
M00574,Activated,2025-10-02,4
M00575,Lead,2025-04-25,1
M00575,Qualified,2025-04-28,2
M00576,Lead,2025-10-19,1
M00576,Qualified,2025-10-20,2
M00576,Approved,2025-10-27,3
M00577,Lead,2025-12-04,1
M00577,Qualified,2025-12-11,2
M00577,Approved,2025-12-14,3
M00577,Activated,2025-12-15,4
M00578,Lead,2025-05-06,1
M00578,Qualified,2025-05-09,2
M00578,Approved,2025-05-22,3
M00579,Lead,2025-07-29,1
M00579,Qualified,2025-07-31,2
M00579,Approved,2025-08-09,3
M00579,Activated,2025-08-13,4
M00580,Lead,2025-12-24,1
M00580,Qualified,2025-12-27,2
M00580,Approved,2025-12-31,3
M00580,Activated,2026-01-05,4
M00581,Lead,2025-11-15,1
M00581,Qualified,2025-11-17,2
M00581,Approved,2025-11-19,3
M00581,Activated,2025-11-26,4
M00582,Lead,2025-09-03,1
M00582,Qualified,2025-09-07,2
M00582,Approved,2025-09-14,3
M00583,Lead,2025-07-16,1
M00583,Qualified,2025-07-21,2
M00583,Approved,2025-07-25,3
M00583,Activated,2025-08-06,4
M00584,Lead,2025-12-20,1
M00585,Lead,2025-06-16,1
M00585,Qualified,2025-06-17,2
M00585,Approved,2025-06-26,3
M00585,Activated,2025-06-28,4
M00586,Lead,2025-12-12,1
M00586,Qualified,2025-12-13,2
M00587,Lead,2025-08-18,1
M00588,Lead,2025-06-10,1
M00588,Qualified,2025-06-14,2
M00588,Approved,2025-06-17,3
M00588,Activated,2025-06-18,4
M00589,Lead,2025-01-29,1
M00589,Qualified,2025-02-02,2
M00589,Approved,2025-02-05,3
M00589,Activated,2025-02-06,4
M00590,Lead,2025-09-02,1
M00591,Lead,2025-12-10,1
M00591,Qualified,2025-12-20,2
M00591,Approved,2026-01-05,3
M00592,Lead,2025-07-30,1
M00592,Qualified,2025-08-04,2
M00593,Lead,2025-04-16,1
M00593,Qualified,2025-04-18,2
M00593,Approved,2025-04-23,3
M00593,Activated,2025-04-24,4
M00594,Lead,2025-08-11,1
M00594,Qualified,2025-08-12,2
M00594,Approved,2025-08-15,3
M00594,Activated,2025-09-03,4
M00595,Lead,2025-02-02,1
M00595,Qualified,2025-02-03,2
M00595,Approved,2025-02-09,3
M00596,Lead,2025-12-15,1
M00596,Qualified,2025-12-19,2
M00597,Lead,2025-10-10,1
M00597,Qualified,2025-10-18,2
M00597,Approved,2025-10-20,3
M00597,Activated,2025-10-23,4
M00598,Lead,2025-01-24,1
M00598,Qualified,2025-01-26,2
M00599,Lead,2025-11-14,1
M00599,Qualified,2025-11-17,2
M00599,Approved,2025-11-20,3
M00599,Activated,2025-11-26,4
M00600,Lead,2025-08-08,1
M00600,Qualified,2025-08-11,2
M00601,Lead,2025-10-06,1
M00602,Lead,2025-12-21,1
M00602,Qualified,2025-12-22,2
M00602,Approved,2025-12-28,3
M00602,Activated,2026-01-12,4
M00603,Lead,2025-02-01,1
M00603,Qualified,2025-02-07,2
M00603,Approved,2025-02-11,3
M00603,Activated,2025-02-19,4
M00604,Lead,2025-09-12,1
M00604,Qualified,2025-09-16,2
M00604,Approved,2025-09-20,3
M00604,Activated,2025-09-23,4
M00605,Lead,2025-12-07,1
M00605,Qualified,2025-12-09,2
M00605,Approved,2025-12-21,3
M00605,Activated,2025-12-25,4
M00606,Lead,2025-02-27,1
M00606,Qualified,2025-03-01,2
M00606,Approved,2025-03-05,3
M00606,Activated,2025-03-08,4
M00607,Lead,2025-01-03,1
M00608,Lead,2025-07-16,1
M00609,Lead,2025-08-29,1
M00609,Qualified,2025-09-04,2
M00610,Lead,2025-08-16,1
M00610,Qualified,2025-08-20,2
M00610,Approved,2025-08-22,3
M00610,Activated,2025-08-26,4
M00611,Lead,2025-12-14,1
M00611,Qualified,2025-12-15,2
M00611,Approved,2025-12-18,3
M00611,Activated,2025-12-26,4
M00612,Lead,2025-10-23,1
M00612,Qualified,2025-10-25,2
M00612,Approved,2025-10-27,3
M00612,Activated,2025-11-01,4
M00613,Lead,2025-03-13,1
M00613,Qualified,2025-03-14,2
M00614,Lead,2025-07-08,1
M00615,Lead,2025-02-20,1
M00616,Lead,2025-03-21,1
M00617,Lead,2025-06-08,1
M00617,Qualified,2025-06-11,2
M00617,Approved,2025-06-17,3
M00617,Activated,2025-06-20,4
M00618,Lead,2025-10-29,1
M00618,Qualified,2025-11-01,2
M00619,Lead,2025-10-08,1
M00620,Lead,2025-02-15,1
M00620,Qualified,2025-02-17,2
M00620,Approved,2025-02-18,3
M00620,Activated,2025-02-20,4
M00621,Lead,2025-08-21,1
M00621,Qualified,2025-08-25,2
M00621,Approved,2025-09-16,3
M00621,Activated,2025-09-17,4
M00622,Lead,2025-05-27,1
M00622,Qualified,2025-06-01,2
M00623,Lead,2025-06-18,1
M00623,Qualified,2025-06-25,2
M00623,Approved,2025-06-28,3
M00623,Activated,2025-07-09,4
M00624,Lead,2025-04-02,1
M00625,Lead,2025-08-30,1
M00625,Qualified,2025-09-05,2
M00625,Approved,2025-09-08,3
M00625,Activated,2025-09-10,4
M00626,Lead,2025-04-12,1
M00626,Qualified,2025-04-17,2
M00626,Approved,2025-04-21,3
M00626,Activated,2025-05-02,4
M00627,Lead,2025-12-15,1
M00627,Qualified,2025-12-26,2
M00628,Lead,2025-08-23,1
M00629,Lead,2025-08-29,1
M00629,Qualified,2025-08-31,2
M00629,Approved,2025-09-05,3
M00629,Activated,2025-09-09,4
M00630,Lead,2025-02-26,1
M00630,Qualified,2025-03-01,2
M00630,Approved,2025-03-04,3
M00630,Activated,2025-03-09,4
M00631,Lead,2025-10-18,1
M00631,Qualified,2025-10-20,2
M00631,Approved,2025-10-25,3
M00631,Activated,2025-10-28,4
M00632,Lead,2025-02-21,1
M00633,Lead,2025-10-17,1
M00633,Qualified,2025-10-19,2
M00633,Approved,2025-10-23,3
M00634,Lead,2025-11-03,1
M00634,Qualified,2025-11-05,2
M00634,Approved,2025-11-08,3
M00634,Activated,2025-11-12,4
M00635,Lead,2025-11-20,1
M00635,Qualified,2025-11-23,2
M00635,Approved,2025-11-24,3
M00635,Activated,2025-11-29,4
M00636,Lead,2025-08-06,1
M00636,Qualified,2025-08-10,2
M00636,Approved,2025-08-12,3
M00637,Lead,2025-07-15,1
M00637,Qualified,2025-07-17,2
M00637,Approved,2025-07-21,3
M00638,Lead,2025-05-29,1
M00639,Lead,2025-10-06,1
M00639,Qualified,2025-10-09,2
M00639,Approved,2025-10-18,3
M00639,Activated,2025-10-24,4
M00640,Lead,2025-10-19,1
M00640,Qualified,2025-10-21,2
M00640,Approved,2025-10-26,3
M00640,Activated,2025-10-28,4
M00641,Lead,2025-11-20,1
M00641,Qualified,2025-11-22,2
M00641,Approved,2025-11-25,3
M00641,Activated,2025-11-28,4
M00642,Lead,2025-03-11,1
M00642,Qualified,2025-03-14,2
M00642,Approved,2025-03-16,3
M00643,Lead,2025-01-04,1
M00643,Qualified,2025-01-07,2
M00643,Approved,2025-01-11,3
M00643,Activated,2025-01-15,4
M00644,Lead,2025-06-04,1
M00644,Qualified,2025-06-09,2
M00644,Approved,2025-06-14,3
M00644,Activated,2025-06-15,4
M00645,Lead,2025-07-30,1
M00645,Qualified,2025-07-31,2
M00645,Approved,2025-08-14,3
M00645,Activated,2025-08-15,4
M00646,Lead,2025-08-17,1
M00646,Qualified,2025-08-26,2
M00646,Approved,2025-08-30,3
M00646,Activated,2025-09-04,4
M00647,Lead,2025-06-02,1
M00647,Qualified,2025-06-04,2
M00647,Approved,2025-06-09,3
M00647,Activated,2025-06-14,4
M00648,Lead,2025-11-05,1
M00648,Qualified,2025-11-07,2
M00648,Approved,2025-11-13,3
M00649,Lead,2025-01-01,1
M00650,Lead,2025-04-09,1
M00650,Qualified,2025-04-13,2
M00651,Lead,2025-06-19,1
M00651,Qualified,2025-06-22,2
M00651,Approved,2025-06-24,3
M00652,Lead,2025-10-11,1
M00652,Qualified,2025-10-16,2
M00652,Approved,2025-10-20,3
M00652,Activated,2025-10-23,4
M00653,Lead,2025-08-01,1
M00653,Qualified,2025-08-06,2
M00654,Lead,2025-01-24,1
M00655,Lead,2025-10-12,1
M00655,Qualified,2025-10-17,2
M00655,Approved,2025-10-19,3
M00655,Activated,2025-10-21,4
M00656,Lead,2025-03-07,1
M00656,Qualified,2025-03-11,2
M00657,Lead,2025-03-22,1
M00658,Lead,2025-12-10,1
M00659,Lead,2025-09-30,1
M00659,Qualified,2025-10-04,2
M00659,Approved,2025-10-09,3
M00659,Activated,2025-10-12,4
M00660,Lead,2025-05-04,1
M00661,Lead,2025-11-04,1
M00661,Qualified,2025-11-06,2
M00661,Approved,2025-11-08,3
M00661,Activated,2025-11-10,4
M00662,Lead,2025-01-09,1
M00662,Qualified,2025-01-13,2
M00662,Approved,2025-01-17,3
M00662,Activated,2025-01-23,4
M00663,Lead,2025-01-17,1
M00663,Qualified,2025-01-20,2
M00663,Approved,2025-01-23,3
M00663,Activated,2025-02-04,4
M00664,Lead,2025-11-10,1
M00664,Qualified,2025-11-12,2
M00664,Approved,2025-11-18,3
M00664,Activated,2025-11-20,4
M00665,Lead,2025-05-07,1
M00665,Qualified,2025-05-09,2
M00665,Approved,2025-05-12,3
M00665,Activated,2025-05-14,4
M00666,Lead,2025-01-12,1
M00666,Qualified,2025-01-14,2
M00666,Approved,2025-01-16,3
M00667,Lead,2025-02-06,1
M00667,Qualified,2025-02-08,2
M00667,Approved,2025-02-11,3
M00667,Activated,2025-02-13,4
M00668,Lead,2025-01-03,1
M00668,Qualified,2025-01-04,2
M00668,Approved,2025-01-07,3
M00669,Lead,2025-08-09,1
M00669,Qualified,2025-08-11,2
M00669,Approved,2025-08-14,3
M00670,Lead,2025-09-18,1
M00670,Qualified,2025-09-19,2
M00670,Approved,2025-09-26,3
M00670,Activated,2025-09-28,4
M00671,Lead,2025-10-23,1
M00672,Lead,2025-11-02,1
M00673,Lead,2025-02-16,1
M00673,Qualified,2025-02-20,2
M00673,Approved,2025-02-23,3
M00674,Lead,2025-05-25,1
M00674,Qualified,2025-05-27,2
M00674,Approved,2025-06-02,3
M00675,Lead,2025-01-28,1
M00675,Qualified,2025-01-30,2
M00675,Approved,2025-02-06,3
M00675,Activated,2025-02-09,4
M00676,Lead,2025-03-27,1
M00676,Qualified,2025-03-29,2
M00676,Approved,2025-04-01,3
M00676,Activated,2025-04-05,4
M00677,Lead,2025-12-24,1
M00677,Qualified,2025-12-28,2
M00677,Approved,2026-01-04,3
M00677,Activated,2026-01-10,4
M00678,Lead,2025-10-12,1
M00678,Qualified,2025-10-13,2
M00678,Approved,2025-10-18,3
M00678,Activated,2025-10-24,4
M00679,Lead,2025-06-27,1
M00679,Qualified,2025-07-01,2
M00679,Approved,2025-07-09,3
M00680,Lead,2025-10-05,1
M00680,Qualified,2025-10-08,2
M00680,Approved,2025-10-15,3
M00680,Activated,2025-10-25,4
M00681,Lead,2025-03-27,1
M00681,Qualified,2025-03-31,2
M00681,Approved,2025-04-03,3
M00681,Activated,2025-04-09,4
M00682,Lead,2025-12-20,1
M00682,Qualified,2025-12-24,2
M00682,Approved,2025-12-27,3
M00682,Activated,2025-12-30,4
M00683,Lead,2025-01-20,1
M00684,Lead,2025-08-30,1
M00684,Qualified,2025-09-02,2
M00685,Lead,2025-11-26,1
M00685,Qualified,2025-11-28,2
M00686,Lead,2025-12-29,1
M00686,Qualified,2026-01-03,2
M00686,Approved,2026-01-14,3
M00687,Lead,2025-07-17,1
M00687,Qualified,2025-07-18,2
M00687,Approved,2025-07-26,3
M00687,Activated,2025-07-29,4
M00688,Lead,2025-02-27,1
M00688,Qualified,2025-02-28,2
M00688,Approved,2025-03-05,3
M00688,Activated,2025-03-09,4
M00689,Lead,2025-12-21,1
M00689,Qualified,2025-12-23,2
M00689,Approved,2025-12-24,3
M00689,Activated,2025-12-28,4
M00690,Lead,2025-02-21,1
M00690,Qualified,2025-02-23,2
M00691,Lead,2025-01-14,1
M00691,Qualified,2025-01-17,2
M00691,Approved,2025-01-19,3
M00691,Activated,2025-01-29,4
M00692,Lead,2025-09-04,1
M00693,Lead,2025-05-01,1
M00693,Qualified,2025-05-02,2
M00693,Approved,2025-05-04,3
M00693,Activated,2025-05-06,4
M00694,Lead,2025-08-27,1
M00695,Lead,2025-03-29,1
M00695,Qualified,2025-03-30,2
M00695,Approved,2025-04-03,3
M00696,Lead,2025-12-07,1
M00697,Lead,2025-05-31,1
M00697,Qualified,2025-06-03,2
M00697,Approved,2025-06-08,3
M00697,Activated,2025-06-11,4
M00698,Lead,2025-06-21,1
M00699,Lead,2025-09-18,1
M00699,Qualified,2025-09-20,2
M00699,Approved,2025-09-27,3
M00699,Activated,2025-10-04,4
M00700,Lead,2025-05-14,1
M00700,Qualified,2025-05-19,2
M00700,Approved,2025-05-23,3
M00701,Lead,2025-06-06,1
M00701,Qualified,2025-06-09,2
M00702,Lead,2025-08-16,1
M00703,Lead,2025-06-17,1
M00703,Qualified,2025-06-20,2
M00703,Approved,2025-06-23,3
M00704,Lead,2025-01-29,1
M00704,Qualified,2025-02-01,2
M00705,Lead,2025-06-24,1
M00705,Qualified,2025-06-29,2
M00705,Approved,2025-07-03,3
M00705,Activated,2025-07-04,4
M00706,Lead,2025-03-31,1
M00706,Qualified,2025-04-09,2
M00706,Approved,2025-04-11,3
M00706,Activated,2025-04-12,4
M00707,Lead,2025-09-26,1
M00708,Lead,2025-01-24,1
M00709,Lead,2025-03-02,1
M00710,Lead,2025-05-23,1
M00711,Lead,2025-10-23,1
M00712,Lead,2025-03-19,1
M00712,Qualified,2025-03-22,2
M00712,Approved,2025-03-25,3
M00712,Activated,2025-04-07,4
M00713,Lead,2025-08-10,1
M00713,Qualified,2025-08-11,2
M00713,Approved,2025-08-12,3
M00714,Lead,2025-08-17,1
M00714,Qualified,2025-08-21,2
M00715,Lead,2025-11-07,1
M00715,Qualified,2025-11-09,2
M00715,Approved,2025-11-14,3
M00716,Lead,2025-03-16,1
M00716,Qualified,2025-03-19,2
M00716,Approved,2025-03-21,3
M00716,Activated,2025-03-24,4
M00717,Lead,2025-05-03,1
M00717,Qualified,2025-05-05,2
M00717,Approved,2025-05-07,3
M00717,Activated,2025-05-13,4
M00718,Lead,2025-09-25,1
M00718,Qualified,2025-09-26,2
M00718,Approved,2025-09-28,3
M00718,Activated,2025-10-09,4
M00719,Lead,2025-03-19,1
M00719,Qualified,2025-03-23,2
M00719,Approved,2025-03-27,3
M00719,Activated,2025-04-02,4
M00720,Lead,2025-07-15,1
M00721,Lead,2025-03-27,1
M00721,Qualified,2025-03-29,2
M00721,Approved,2025-04-01,3
M00721,Activated,2025-04-05,4
M00722,Lead,2025-10-26,1
M00722,Qualified,2025-10-31,2
M00722,Approved,2025-11-06,3
M00722,Activated,2025-11-11,4
M00723,Lead,2025-11-12,1
M00723,Qualified,2025-11-17,2
M00723,Approved,2025-11-20,3
M00723,Activated,2025-11-24,4
M00724,Lead,2025-10-05,1
M00724,Qualified,2025-10-08,2
M00724,Approved,2025-10-15,3
M00724,Activated,2025-10-31,4
M00725,Lead,2025-01-08,1
M00725,Qualified,2025-01-10,2
M00725,Approved,2025-01-17,3
M00725,Activated,2025-01-18,4
M00726,Lead,2025-08-27,1
M00726,Qualified,2025-08-30,2
M00726,Approved,2025-09-08,3
M00726,Activated,2025-09-13,4
M00727,Lead,2025-09-23,1
M00728,Lead,2025-11-03,1
M00728,Qualified,2025-11-06,2
M00728,Approved,2025-11-08,3
M00728,Activated,2025-11-17,4
M00729,Lead,2025-05-09,1
M00729,Qualified,2025-05-15,2
M00729,Approved,2025-05-19,3
M00729,Activated,2025-05-25,4
M00730,Lead,2025-11-04,1
M00731,Lead,2025-03-08,1
M00731,Qualified,2025-03-11,2
M00731,Approved,2025-03-17,3
M00731,Activated,2025-03-21,4
M00732,Lead,2025-08-24,1
M00732,Qualified,2025-09-02,2
M00732,Approved,2025-09-07,3
M00732,Activated,2025-09-08,4
M00733,Lead,2025-11-03,1
M00733,Qualified,2025-11-06,2
M00733,Approved,2025-11-09,3
M00733,Activated,2025-11-11,4
M00734,Lead,2025-05-21,1
M00735,Lead,2025-12-07,1
M00735,Qualified,2025-12-11,2
M00736,Lead,2025-03-28,1
M00737,Lead,2025-10-21,1
M00737,Qualified,2025-10-25,2
M00737,Approved,2025-10-30,3
M00737,Activated,2025-11-01,4
M00738,Lead,2025-12-11,1
M00738,Qualified,2025-12-13,2
M00738,Approved,2025-12-20,3
M00739,Lead,2025-01-28,1
M00740,Lead,2025-01-02,1
M00740,Qualified,2025-01-03,2
M00740,Approved,2025-01-07,3
M00740,Activated,2025-01-14,4
M00741,Lead,2025-01-13,1
M00741,Qualified,2025-01-15,2
M00741,Approved,2025-01-19,3
M00742,Lead,2025-10-08,1
M00742,Qualified,2025-10-09,2
M00742,Approved,2025-10-14,3
M00742,Activated,2025-10-24,4
M00743,Lead,2025-11-21,1
M00743,Qualified,2025-11-22,2
M00743,Approved,2025-11-28,3
M00743,Activated,2025-11-29,4
M00744,Lead,2025-05-12,1
M00745,Lead,2025-03-20,1
M00745,Qualified,2025-03-26,2
M00745,Approved,2025-03-28,3
M00746,Lead,2025-12-16,1
M00747,Lead,2025-08-18,1
M00747,Qualified,2025-08-22,2
M00748,Lead,2025-01-29,1
M00748,Qualified,2025-01-31,2
M00748,Approved,2025-02-06,3
M00748,Activated,2025-02-22,4
M00749,Lead,2025-07-26,1
M00749,Qualified,2025-07-29,2
M00749,Approved,2025-08-07,3
M00749,Activated,2025-08-09,4
M00750,Lead,2025-06-07,1
M00750,Qualified,2025-06-10,2
M00750,Approved,2025-06-12,3
M00751,Lead,2025-02-25,1
M00752,Lead,2025-01-03,1
M00752,Qualified,2025-01-13,2
M00752,Approved,2025-01-21,3
M00752,Activated,2025-01-30,4
M00753,Lead,2025-07-18,1
M00754,Lead,2025-01-31,1
M00754,Qualified,2025-02-06,2
M00754,Approved,2025-02-11,3
M00755,Lead,2025-09-15,1
M00755,Qualified,2025-09-18,2
M00755,Approved,2025-09-21,3
M00755,Activated,2025-09-25,4
M00756,Lead,2025-11-24,1
M00756,Qualified,2025-11-27,2
M00757,Lead,2025-08-28,1
M00757,Qualified,2025-08-30,2
M00757,Approved,2025-09-10,3
M00757,Activated,2025-09-14,4
M00758,Lead,2025-12-29,1
M00758,Qualified,2025-12-31,2
M00758,Approved,2026-01-07,3
M00758,Activated,2026-01-11,4
M00759,Lead,2025-02-08,1
M00760,Lead,2025-09-26,1
M00760,Qualified,2025-09-30,2
M00760,Approved,2025-10-03,3
M00760,Activated,2025-10-04,4
M00761,Lead,2025-12-09,1
M00761,Qualified,2025-12-10,2
M00761,Approved,2025-12-14,3
M00761,Activated,2025-12-15,4
M00762,Lead,2025-11-01,1
M00762,Qualified,2025-11-03,2
M00763,Lead,2025-02-23,1
M00763,Qualified,2025-02-27,2
M00764,Lead,2025-09-03,1
M00764,Qualified,2025-09-06,2
M00764,Approved,2025-09-08,3
M00765,Lead,2025-10-30,1
M00765,Qualified,2025-11-03,2
M00765,Approved,2025-11-20,3
M00765,Activated,2025-11-27,4
M00766,Lead,2025-11-18,1
M00766,Qualified,2025-11-20,2
M00766,Approved,2025-11-24,3
M00766,Activated,2025-12-02,4
M00767,Lead,2025-10-16,1
M00768,Lead,2025-06-13,1
M00768,Qualified,2025-06-16,2
M00768,Approved,2025-06-19,3
M00769,Lead,2025-01-23,1
M00769,Qualified,2025-01-25,2
M00769,Approved,2025-01-27,3
M00769,Activated,2025-01-30,4
M00770,Lead,2025-07-19,1
M00771,Lead,2025-02-17,1
M00771,Qualified,2025-02-22,2
M00771,Approved,2025-03-05,3
M00772,Lead,2025-06-12,1
M00772,Qualified,2025-06-13,2
M00772,Approved,2025-06-24,3
M00772,Activated,2025-06-28,4
M00773,Lead,2025-09-22,1
M00773,Qualified,2025-09-25,2
M00774,Lead,2025-09-30,1
M00775,Lead,2025-06-09,1
M00776,Lead,2025-07-26,1
M00776,Qualified,2025-07-31,2
M00776,Approved,2025-08-03,3
M00777,Lead,2025-12-21,1
M00777,Qualified,2025-12-30,2
M00778,Lead,2025-06-11,1
M00779,Lead,2025-09-19,1
M00779,Qualified,2025-09-22,2
M00780,Lead,2025-11-04,1
M00781,Lead,2025-10-27,1
M00781,Qualified,2025-10-29,2
M00781,Approved,2025-11-02,3
M00781,Activated,2025-11-04,4
M00782,Lead,2025-07-16,1
M00782,Qualified,2025-07-18,2
M00782,Approved,2025-07-21,3
M00782,Activated,2025-07-24,4
M00783,Lead,2025-07-12,1
M00783,Qualified,2025-07-13,2
M00783,Approved,2025-07-15,3
M00783,Activated,2025-07-18,4
M00784,Lead,2025-10-31,1
M00784,Qualified,2025-11-05,2
M00784,Approved,2025-11-14,3
M00784,Activated,2025-11-22,4
M00785,Lead,2025-10-18,1
M00786,Lead,2025-10-18,1
M00786,Qualified,2025-10-21,2
M00786,Approved,2025-10-24,3
M00786,Activated,2025-10-27,4
M00787,Lead,2025-06-12,1
M00787,Qualified,2025-06-14,2
M00788,Lead,2025-12-09,1
M00789,Lead,2025-04-07,1
M00789,Qualified,2025-04-09,2
M00789,Approved,2025-04-11,3
M00789,Activated,2025-04-13,4
M00790,Lead,2025-07-03,1
M00790,Qualified,2025-07-05,2
M00790,Approved,2025-07-09,3
M00791,Lead,2025-11-17,1
M00791,Qualified,2025-11-18,2
M00791,Approved,2025-11-28,3
M00791,Activated,2025-12-01,4
M00792,Lead,2025-05-11,1
M00793,Lead,2025-05-16,1
M00793,Qualified,2025-05-25,2
M00793,Approved,2025-06-04,3
M00794,Lead,2025-11-24,1
M00794,Qualified,2025-11-26,2
M00794,Approved,2025-12-02,3
M00795,Lead,2025-09-11,1
M00795,Qualified,2025-09-13,2
M00795,Approved,2025-09-23,3
M00795,Activated,2025-09-28,4
M00796,Lead,2025-07-15,1
M00797,Lead,2025-02-07,1
M00797,Qualified,2025-02-10,2
M00797,Approved,2025-02-16,3
M00798,Lead,2025-04-05,1
M00798,Qualified,2025-04-07,2
M00798,Approved,2025-04-12,3
M00798,Activated,2025-04-17,4
M00799,Lead,2025-06-13,1
M00799,Qualified,2025-06-14,2
M00799,Approved,2025-06-15,3
M00799,Activated,2025-06-22,4
M00800,Lead,2025-07-30,1
M00800,Qualified,2025-08-02,2
M00800,Approved,2025-08-04,3
M00800,Activated,2025-08-06,4
M00801,Lead,2025-07-18,1
M00801,Qualified,2025-07-22,2
M00801,Approved,2025-07-29,3
M00801,Activated,2025-08-09,4
M00802,Lead,2025-02-18,1
M00803,Lead,2025-10-09,1
M00804,Lead,2025-08-02,1
M00805,Lead,2025-02-12,1
M00805,Qualified,2025-02-17,2
M00805,Approved,2025-02-24,3
M00806,Lead,2025-12-04,1
M00806,Qualified,2025-12-06,2
M00806,Approved,2025-12-09,3
M00806,Activated,2025-12-17,4
M00807,Lead,2025-09-21,1
M00807,Qualified,2025-09-25,2
M00807,Approved,2025-09-27,3
M00807,Activated,2025-09-29,4
M00808,Lead,2025-08-06,1
M00808,Qualified,2025-08-08,2
M00808,Approved,2025-08-13,3
M00808,Activated,2025-09-04,4
M00809,Lead,2025-10-23,1
M00809,Qualified,2025-10-25,2
M00809,Approved,2025-10-31,3
M00809,Activated,2025-11-04,4
M00810,Lead,2025-02-10,1
M00811,Lead,2025-02-15,1
M00811,Qualified,2025-02-18,2
M00811,Approved,2025-02-25,3
M00811,Activated,2025-03-07,4
M00812,Lead,2025-08-09,1
M00812,Qualified,2025-08-10,2
M00812,Approved,2025-08-11,3
M00813,Lead,2025-11-22,1
M00813,Qualified,2025-11-26,2
M00813,Approved,2025-12-01,3
M00813,Activated,2025-12-02,4
M00814,Lead,2025-02-01,1
M00814,Qualified,2025-02-08,2
M00814,Approved,2025-02-11,3
M00814,Activated,2025-02-15,4
M00815,Lead,2025-02-14,1
M00815,Qualified,2025-02-17,2
M00815,Approved,2025-03-02,3
M00815,Activated,2025-03-06,4
M00816,Lead,2025-10-24,1
M00816,Qualified,2025-10-26,2
M00817,Lead,2025-12-21,1
M00817,Qualified,2025-12-23,2
M00817,Approved,2025-12-25,3
M00817,Activated,2025-12-26,4
M00818,Lead,2025-04-20,1
M00819,Lead,2025-11-17,1
M00819,Qualified,2025-11-20,2
M00819,Approved,2025-11-22,3
M00819,Activated,2025-11-25,4
M00820,Lead,2025-10-16,1
M00820,Qualified,2025-10-19,2
M00820,Approved,2025-10-23,3
M00820,Activated,2025-10-25,4
M00821,Lead,2025-01-17,1
M00821,Qualified,2025-01-19,2
M00821,Approved,2025-01-22,3
M00821,Activated,2025-01-26,4
M00822,Lead,2025-04-22,1
M00823,Lead,2025-03-28,1
M00823,Qualified,2025-04-04,2
M00823,Approved,2025-04-05,3
M00823,Activated,2025-04-08,4
M00824,Lead,2025-10-21,1
M00825,Lead,2025-11-19,1
M00825,Qualified,2025-11-22,2
M00826,Lead,2025-08-10,1
M00827,Lead,2025-12-11,1
M00828,Lead,2025-11-20,1
M00829,Lead,2025-08-28,1
M00829,Qualified,2025-08-31,2
M00829,Approved,2025-09-04,3
M00829,Activated,2025-09-07,4
M00830,Lead,2025-06-02,1
M00830,Qualified,2025-06-03,2
M00830,Approved,2025-06-08,3
M00830,Activated,2025-06-10,4
M00831,Lead,2025-11-06,1
M00831,Qualified,2025-11-10,2
M00831,Approved,2025-11-17,3
M00831,Activated,2025-11-20,4
M00832,Lead,2025-11-20,1
M00833,Lead,2025-12-18,1
M00833,Qualified,2025-12-26,2
M00833,Approved,2026-01-01,3
M00833,Activated,2026-01-03,4
M00834,Lead,2025-05-11,1
M00834,Qualified,2025-05-14,2
M00834,Approved,2025-05-18,3
M00834,Activated,2025-05-20,4
M00835,Lead,2025-09-23,1
M00836,Lead,2025-11-28,1
M00836,Qualified,2025-11-30,2
M00836,Approved,2025-12-05,3
M00837,Lead,2025-07-29,1
M00837,Qualified,2025-08-01,2
M00837,Approved,2025-08-03,3
M00837,Activated,2025-08-06,4
M00838,Lead,2025-02-21,1
M00838,Qualified,2025-02-23,2
M00838,Approved,2025-02-28,3
M00838,Activated,2025-03-03,4
M00839,Lead,2025-10-25,1
M00839,Qualified,2025-10-27,2
M00840,Lead,2025-06-28,1
M00841,Lead,2025-12-30,1
M00841,Qualified,2026-01-01,2
M00841,Approved,2026-01-04,3
M00841,Activated,2026-02-07,4
M00842,Lead,2025-02-10,1
M00842,Qualified,2025-02-14,2
M00843,Lead,2025-01-29,1
M00844,Lead,2025-03-31,1
M00844,Qualified,2025-04-11,2
M00844,Approved,2025-04-15,3
M00844,Activated,2025-04-16,4
M00845,Lead,2025-06-02,1
M00845,Qualified,2025-06-06,2
M00845,Approved,2025-06-17,3
M00845,Activated,2025-06-22,4
M00846,Lead,2025-04-19,1
M00846,Qualified,2025-04-20,2
M00846,Approved,2025-04-24,3
M00846,Activated,2025-04-30,4
M00847,Lead,2025-04-17,1
M00848,Lead,2025-05-28,1
M00848,Qualified,2025-05-29,2
M00848,Approved,2025-06-03,3
M00848,Activated,2025-06-05,4
M00849,Lead,2025-01-09,1
M00849,Qualified,2025-01-13,2
M00849,Approved,2025-01-20,3
M00849,Activated,2025-01-23,4
M00850,Lead,2025-11-18,1
M00851,Lead,2025-12-11,1
M00851,Qualified,2025-12-14,2
M00851,Approved,2026-01-03,3
M00851,Activated,2026-01-09,4
M00852,Lead,2025-07-25,1
M00853,Lead,2025-02-28,1
M00854,Lead,2025-10-30,1
M00854,Qualified,2025-11-03,2
M00855,Lead,2025-05-03,1
M00856,Lead,2025-08-20,1
M00856,Qualified,2025-08-23,2
M00856,Approved,2025-08-27,3
M00856,Activated,2025-09-02,4
M00857,Lead,2025-01-19,1
M00857,Qualified,2025-01-24,2
M00858,Lead,2025-02-25,1
M00858,Qualified,2025-03-01,2
M00858,Approved,2025-03-07,3
M00859,Lead,2025-07-07,1
M00859,Qualified,2025-07-11,2
M00859,Approved,2025-07-13,3
M00859,Activated,2025-07-16,4
M00860,Lead,2025-03-18,1
M00860,Qualified,2025-03-24,2
M00861,Lead,2025-05-12,1
M00861,Qualified,2025-05-14,2
M00862,Lead,2025-02-07,1
M00862,Qualified,2025-02-08,2
M00862,Approved,2025-02-12,3
M00862,Activated,2025-02-20,4
M00863,Lead,2025-06-19,1
M00863,Qualified,2025-06-24,2
M00863,Approved,2025-07-04,3
M00863,Activated,2025-07-17,4
M00864,Lead,2025-08-09,1
M00865,Lead,2025-03-13,1
M00865,Qualified,2025-03-16,2
M00865,Approved,2025-03-26,3
M00866,Lead,2025-08-15,1
M00866,Qualified,2025-08-20,2
M00866,Approved,2025-08-23,3
M00867,Lead,2025-04-07,1
M00867,Qualified,2025-04-12,2
M00868,Lead,2025-10-01,1
M00868,Qualified,2025-10-02,2
M00869,Lead,2025-01-03,1
M00869,Qualified,2025-01-08,2
M00869,Approved,2025-01-11,3
M00869,Activated,2025-01-17,4
M00870,Lead,2025-12-01,1
M00871,Lead,2025-09-10,1
M00872,Lead,2025-06-29,1
M00872,Qualified,2025-07-04,2
M00872,Approved,2025-07-10,3
M00872,Activated,2025-07-15,4
M00873,Lead,2025-04-09,1
M00874,Lead,2025-01-26,1
M00875,Lead,2025-01-12,1
M00875,Qualified,2025-01-13,2
M00875,Approved,2025-01-16,3
M00875,Activated,2025-01-19,4
M00876,Lead,2025-08-20,1
M00877,Lead,2025-01-02,1
M00878,Lead,2025-07-13,1
M00879,Lead,2025-02-06,1
M00880,Lead,2025-05-11,1
M00880,Qualified,2025-05-13,2
M00880,Approved,2025-05-19,3
M00880,Activated,2025-05-20,4
M00881,Lead,2025-10-15,1
M00881,Qualified,2025-10-17,2
M00881,Approved,2025-10-19,3
M00882,Lead,2025-05-13,1
M00882,Qualified,2025-05-16,2
M00882,Approved,2025-05-19,3
M00883,Lead,2025-10-14,1
M00884,Lead,2025-07-01,1
M00884,Qualified,2025-07-05,2
M00884,Approved,2025-07-08,3
M00884,Activated,2025-07-12,4
M00885,Lead,2025-09-03,1
M00885,Qualified,2025-09-08,2
M00885,Approved,2025-09-10,3
M00885,Activated,2025-09-13,4
M00886,Lead,2025-06-23,1
M00887,Lead,2025-08-30,1
M00888,Lead,2025-09-04,1
M00889,Lead,2025-09-29,1
M00889,Qualified,2025-10-01,2
M00890,Lead,2025-02-28,1
M00890,Qualified,2025-03-01,2
M00890,Approved,2025-03-07,3
M00891,Lead,2025-03-05,1
M00891,Qualified,2025-03-09,2
M00891,Approved,2025-03-11,3
M00892,Lead,2025-10-17,1
M00893,Lead,2025-01-25,1
M00893,Qualified,2025-01-29,2
M00893,Approved,2025-02-03,3
M00894,Lead,2025-05-18,1
M00894,Qualified,2025-05-20,2
M00895,Lead,2025-06-10,1
M00895,Qualified,2025-06-13,2
M00896,Lead,2025-07-17,1
M00897,Lead,2025-04-07,1
M00897,Qualified,2025-04-09,2
M00897,Approved,2025-04-13,3
M00898,Lead,2025-02-11,1
M00898,Qualified,2025-02-13,2
M00898,Approved,2025-02-15,3
M00898,Activated,2025-02-19,4
M00899,Lead,2025-07-06,1
M00899,Qualified,2025-07-13,2
M00900,Lead,2025-08-06,1
M00900,Qualified,2025-08-09,2
M00900,Approved,2025-08-11,3
M00901,Lead,2025-06-22,1
M00902,Lead,2025-03-04,1
M00902,Qualified,2025-03-08,2
M00902,Approved,2025-03-10,3
M00902,Activated,2025-03-16,4
M00903,Lead,2025-04-03,1
M00903,Qualified,2025-04-04,2
M00903,Approved,2025-04-13,3
M00903,Activated,2025-04-17,4
M00904,Lead,2025-03-06,1
M00904,Qualified,2025-03-07,2
M00905,Lead,2025-08-31,1
M00905,Qualified,2025-09-03,2
M00905,Approved,2025-09-05,3
M00905,Activated,2025-09-07,4
M00906,Lead,2025-09-21,1
M00906,Qualified,2025-09-23,2
M00906,Approved,2025-09-28,3
M00907,Lead,2025-07-30,1
M00907,Qualified,2025-08-02,2
M00907,Approved,2025-08-07,3
M00907,Activated,2025-08-12,4
M00908,Lead,2025-12-19,1
M00908,Qualified,2025-12-21,2
M00908,Approved,2025-12-23,3
M00908,Activated,2025-12-28,4
M00909,Lead,2025-09-08,1
M00909,Qualified,2025-09-10,2
M00909,Approved,2025-09-14,3
M00909,Activated,2025-09-20,4
M00910,Lead,2025-03-06,1
M00910,Qualified,2025-03-09,2
M00910,Approved,2025-03-15,3
M00911,Lead,2025-01-15,1
M00911,Qualified,2025-01-18,2
M00911,Approved,2025-01-20,3
M00912,Lead,2025-03-10,1
M00912,Qualified,2025-03-13,2
M00912,Approved,2025-03-15,3
M00912,Activated,2025-03-18,4
M00913,Lead,2025-03-03,1
M00914,Lead,2025-08-25,1
M00914,Qualified,2025-08-26,2
M00914,Approved,2025-09-01,3
M00914,Activated,2025-09-04,4
M00915,Lead,2025-05-11,1
M00915,Qualified,2025-05-15,2
M00916,Lead,2025-10-02,1
M00916,Qualified,2025-10-10,2
M00916,Approved,2025-10-20,3
M00916,Activated,2025-11-04,4
M00917,Lead,2025-01-18,1
M00917,Qualified,2025-01-21,2
M00917,Approved,2025-01-25,3
M00917,Activated,2025-02-05,4
M00918,Lead,2025-11-25,1
M00918,Qualified,2025-11-30,2
M00918,Approved,2025-12-11,3
M00919,Lead,2025-05-12,1
M00919,Qualified,2025-05-15,2
M00919,Approved,2025-05-16,3
M00919,Activated,2025-05-18,4
M00920,Lead,2025-01-24,1
M00921,Lead,2025-03-17,1
M00922,Lead,2025-02-22,1
M00923,Lead,2025-06-13,1
M00923,Qualified,2025-06-14,2
M00923,Approved,2025-06-18,3
M00923,Activated,2025-06-21,4
M00924,Lead,2025-02-03,1
M00924,Qualified,2025-02-05,2
M00924,Approved,2025-02-12,3
M00924,Activated,2025-02-17,4
M00925,Lead,2025-03-18,1
M00925,Qualified,2025-03-21,2
M00925,Approved,2025-03-26,3
M00925,Activated,2025-04-03,4
M00926,Lead,2025-05-22,1
M00926,Qualified,2025-05-30,2
M00926,Approved,2025-06-02,3
M00926,Activated,2025-06-07,4
M00927,Lead,2025-03-02,1
M00927,Qualified,2025-03-03,2
M00927,Approved,2025-03-05,3
M00927,Activated,2025-03-09,4
M00928,Lead,2025-05-22,1
M00928,Qualified,2025-05-26,2
M00929,Lead,2025-06-25,1
M00929,Qualified,2025-06-30,2
M00930,Lead,2025-05-13,1
M00930,Qualified,2025-05-14,2
M00930,Approved,2025-05-19,3
M00930,Activated,2025-06-08,4
M00931,Lead,2025-08-18,1
M00932,Lead,2025-08-06,1
M00932,Qualified,2025-08-13,2
M00933,Lead,2025-04-24,1
M00934,Lead,2025-12-15,1
M00934,Qualified,2025-12-17,2
M00934,Approved,2025-12-30,3
M00934,Activated,2026-01-06,4
M00935,Lead,2025-01-06,1
M00936,Lead,2025-04-22,1
M00936,Qualified,2025-04-25,2
M00937,Lead,2025-06-20,1
M00937,Qualified,2025-06-22,2
M00937,Approved,2025-06-24,3
M00937,Activated,2025-07-04,4
M00938,Lead,2025-04-16,1
M00939,Lead,2025-12-01,1
M00940,Lead,2025-12-09,1
M00940,Qualified,2025-12-11,2
M00941,Lead,2025-03-08,1
M00941,Qualified,2025-03-09,2
M00941,Approved,2025-03-16,3
M00941,Activated,2025-04-03,4
M00942,Lead,2025-11-27,1
M00942,Qualified,2025-11-28,2
M00942,Approved,2025-11-30,3
M00942,Activated,2025-12-01,4
M00943,Lead,2025-03-27,1
M00944,Lead,2025-09-02,1
M00945,Lead,2025-08-20,1
M00945,Qualified,2025-08-25,2
M00945,Approved,2025-09-05,3
M00945,Activated,2025-09-10,4
M00946,Lead,2025-09-26,1
M00946,Qualified,2025-09-27,2
M00946,Approved,2025-10-01,3
M00947,Lead,2025-04-20,1
M00947,Qualified,2025-04-23,2
M00947,Approved,2025-04-26,3
M00947,Activated,2025-05-09,4
M00948,Lead,2025-03-09,1
M00948,Qualified,2025-03-11,2
M00948,Approved,2025-03-18,3
M00949,Lead,2025-09-04,1
M00950,Lead,2025-04-17,1
M00950,Qualified,2025-04-23,2
M00950,Approved,2025-04-30,3
M00950,Activated,2025-05-02,4
M00951,Lead,2025-06-28,1
M00951,Qualified,2025-06-29,2
M00951,Approved,2025-07-03,3
M00952,Lead,2025-10-25,1
M00953,Lead,2025-01-16,1
M00953,Qualified,2025-01-20,2
M00953,Approved,2025-01-22,3
M00953,Activated,2025-01-26,4
M00954,Lead,2025-05-17,1
M00954,Qualified,2025-05-20,2
M00955,Lead,2025-09-23,1
M00955,Qualified,2025-09-24,2
M00955,Approved,2025-10-02,3
M00955,Activated,2025-10-08,4
M00956,Lead,2025-04-05,1
M00957,Lead,2025-12-05,1
M00957,Qualified,2025-12-07,2
M00958,Lead,2025-01-16,1
M00959,Lead,2025-11-14,1
M00959,Qualified,2025-11-17,2
M00960,Lead,2025-03-27,1
M00961,Lead,2025-04-09,1
M00961,Qualified,2025-04-11,2
M00961,Approved,2025-04-14,3
M00962,Lead,2025-05-04,1
M00962,Qualified,2025-05-05,2
M00962,Approved,2025-05-08,3
M00962,Activated,2025-05-09,4
M00963,Lead,2025-08-04,1
M00964,Lead,2025-09-04,1
M00964,Qualified,2025-09-05,2
M00964,Approved,2025-09-09,3
M00964,Activated,2025-09-11,4
M00965,Lead,2025-02-04,1
M00966,Lead,2025-09-13,1
M00966,Qualified,2025-09-17,2
M00966,Approved,2025-09-20,3
M00966,Activated,2025-09-26,4
M00967,Lead,2025-03-16,1
M00967,Qualified,2025-03-27,2
M00967,Approved,2025-04-01,3
M00967,Activated,2025-04-07,4
M00968,Lead,2025-11-22,1
M00968,Qualified,2025-11-24,2
M00968,Approved,2025-12-01,3
M00968,Activated,2025-12-03,4
M00969,Lead,2025-11-27,1
M00969,Qualified,2025-11-29,2
M00969,Approved,2025-12-02,3
M00969,Activated,2025-12-05,4
M00970,Lead,2025-02-18,1
M00971,Lead,2025-01-18,1
M00971,Qualified,2025-01-19,2
M00971,Approved,2025-01-31,3
M00971,Activated,2025-02-04,4
M00972,Lead,2025-05-22,1
M00972,Qualified,2025-05-27,2
M00972,Approved,2025-05-30,3
M00972,Activated,2025-06-04,4
M00973,Lead,2025-08-29,1
M00974,Lead,2025-02-05,1
M00974,Qualified,2025-02-07,2
M00974,Approved,2025-02-10,3
M00974,Activated,2025-02-17,4
M00975,Lead,2025-05-26,1
M00975,Qualified,2025-06-01,2
M00975,Approved,2025-06-06,3
M00976,Lead,2025-08-08,1
M00976,Qualified,2025-08-10,2
M00976,Approved,2025-08-13,3
M00977,Lead,2025-06-12,1
M00977,Qualified,2025-06-14,2
M00977,Approved,2025-06-16,3
M00977,Activated,2025-06-20,4
M00978,Lead,2025-08-09,1
M00978,Qualified,2025-08-12,2
M00978,Approved,2025-08-18,3
M00978,Activated,2025-08-23,4
M00979,Lead,2025-08-04,1
M00979,Qualified,2025-08-07,2
M00979,Approved,2025-08-10,3
M00979,Activated,2025-08-16,4
M00980,Lead,2025-12-11,1
M00981,Lead,2025-07-01,1
M00981,Qualified,2025-07-07,2
M00982,Lead,2025-04-20,1
M00982,Qualified,2025-04-23,2
M00982,Approved,2025-04-24,3
M00982,Activated,2025-04-26,4
M00983,Lead,2025-09-29,1
M00983,Qualified,2025-10-04,2
M00983,Approved,2025-10-10,3
M00983,Activated,2025-10-14,4
M00984,Lead,2025-11-26,1
M00984,Qualified,2025-11-27,2
M00984,Approved,2025-12-02,3
M00984,Activated,2025-12-13,4
M00985,Lead,2025-05-25,1
M00985,Qualified,2025-05-28,2
M00985,Approved,2025-05-30,3
M00985,Activated,2025-06-04,4
M00986,Lead,2025-12-03,1
M00986,Qualified,2025-12-05,2
M00986,Approved,2025-12-11,3
M00986,Activated,2025-12-12,4
M00987,Lead,2025-12-05,1
M00987,Qualified,2025-12-14,2
M00987,Approved,2025-12-17,3
M00987,Activated,2025-12-19,4
M00988,Lead,2025-04-15,1
M00988,Qualified,2025-04-18,2
M00988,Approved,2025-04-26,3
M00988,Activated,2025-05-01,4
M00989,Lead,2025-09-26,1
M00989,Qualified,2025-09-28,2
M00989,Approved,2025-10-04,3
M00989,Activated,2025-10-09,4
M00990,Lead,2025-01-09,1
M00990,Qualified,2025-01-12,2
M00990,Approved,2025-01-17,3
M00990,Activated,2025-01-21,4
M00991,Lead,2025-04-16,1
M00992,Lead,2025-05-21,1
M00993,Lead,2025-12-15,1
M00993,Qualified,2025-12-18,2
M00993,Approved,2025-12-25,3
M00993,Activated,2025-12-31,4
M00994,Lead,2025-01-05,1
M00995,Lead,2025-02-06,1
M00996,Lead,2025-06-22,1
M00997,Lead,2025-10-01,1
M00997,Qualified,2025-10-03,2
M00997,Approved,2025-10-11,3
M00998,Lead,2025-03-21,1
M00999,Lead,2025-12-21,1
M01000,Lead,2025-08-19,1
M01001,Lead,2025-02-24,1
M01001,Qualified,2025-02-27,2
M01002,Lead,2025-09-05,1
M01002,Qualified,2025-09-06,2
M01002,Approved,2025-09-08,3
M01002,Activated,2025-09-13,4
M01003,Lead,2025-11-12,1
M01003,Qualified,2025-11-15,2
M01003,Approved,2025-11-23,3
M01004,Lead,2025-03-23,1
M01004,Qualified,2025-03-27,2
M01004,Approved,2025-03-31,3
M01005,Lead,2025-12-19,1
M01005,Qualified,2025-12-22,2
M01005,Approved,2025-12-24,3
M01006,Lead,2025-04-30,1
M01006,Qualified,2025-05-04,2
M01006,Approved,2025-05-09,3
M01006,Activated,2025-05-12,4
M01007,Lead,2025-10-27,1
M01008,Lead,2025-06-04,1
M01008,Qualified,2025-06-06,2
M01008,Approved,2025-06-08,3
M01008,Activated,2025-06-09,4
M01009,Lead,2025-03-08,1
M01009,Qualified,2025-03-12,2
M01009,Approved,2025-03-17,3
M01009,Activated,2025-03-25,4
M01010,Lead,2025-12-27,1
M01010,Qualified,2026-01-03,2
M01011,Lead,2025-11-10,1
M01011,Qualified,2025-11-11,2
M01011,Approved,2025-11-19,3
M01011,Activated,2025-11-22,4
M01012,Lead,2025-04-07,1
M01013,Lead,2025-05-31,1
M01013,Qualified,2025-06-01,2
M01013,Approved,2025-06-08,3
M01013,Activated,2025-06-11,4
M01014,Lead,2025-09-25,1
M01014,Qualified,2025-09-28,2
M01015,Lead,2025-04-02,1
M01015,Qualified,2025-04-04,2
M01016,Lead,2025-11-13,1
M01017,Lead,2025-12-30,1
M01017,Qualified,2026-01-03,2
M01017,Approved,2026-01-09,3
M01017,Activated,2026-01-15,4
M01018,Lead,2025-09-08,1
M01018,Qualified,2025-09-12,2
M01018,Approved,2025-09-16,3
M01018,Activated,2025-09-19,4
M01019,Lead,2025-06-04,1
M01020,Lead,2025-05-21,1
M01020,Qualified,2025-05-26,2
M01020,Approved,2025-05-30,3
M01020,Activated,2025-06-04,4
M01021,Lead,2025-07-25,1
M01021,Qualified,2025-07-31,2
M01021,Approved,2025-08-08,3
M01021,Activated,2025-08-10,4
M01022,Lead,2025-09-05,1
M01022,Qualified,2025-09-07,2
M01022,Approved,2025-09-12,3
M01022,Activated,2025-09-18,4
M01023,Lead,2025-03-02,1
M01023,Qualified,2025-03-05,2
M01023,Approved,2025-03-07,3
M01024,Lead,2025-06-04,1
M01024,Qualified,2025-06-06,2
M01024,Approved,2025-06-16,3
M01024,Activated,2025-06-20,4
M01025,Lead,2025-02-02,1
M01025,Qualified,2025-02-06,2
M01025,Approved,2025-02-11,3
M01025,Activated,2025-02-12,4
M01026,Lead,2025-05-18,1
M01026,Qualified,2025-05-22,2
M01026,Approved,2025-05-25,3
M01026,Activated,2025-06-01,4
M01027,Lead,2025-10-16,1
M01027,Qualified,2025-10-20,2
M01027,Approved,2025-10-24,3
M01027,Activated,2025-10-27,4
M01028,Lead,2025-04-09,1
M01028,Qualified,2025-04-10,2
M01028,Approved,2025-04-15,3
M01028,Activated,2025-04-17,4
M01029,Lead,2025-06-22,1
M01029,Qualified,2025-06-24,2
M01029,Approved,2025-06-30,3
M01029,Activated,2025-07-06,4
M01030,Lead,2025-11-23,1
M01031,Lead,2025-09-24,1
M01031,Qualified,2025-09-25,2
M01031,Approved,2025-09-28,3
M01031,Activated,2025-10-02,4
M01032,Lead,2025-07-01,1
M01033,Lead,2025-01-10,1
M01034,Lead,2025-04-05,1
M01034,Qualified,2025-04-06,2
M01035,Lead,2025-03-23,1
M01036,Lead,2025-09-16,1
M01036,Qualified,2025-09-20,2
M01037,Lead,2025-08-13,1
M01037,Qualified,2025-08-18,2
M01038,Lead,2025-03-10,1
M01038,Qualified,2025-03-11,2
M01038,Approved,2025-03-13,3
M01039,Lead,2025-06-06,1
M01040,Lead,2025-06-09,1
M01040,Qualified,2025-06-12,2
M01040,Approved,2025-06-19,3
M01041,Lead,2025-07-17,1
M01041,Qualified,2025-07-19,2
M01041,Approved,2025-07-27,3
M01041,Activated,2025-08-01,4
M01042,Lead,2025-01-08,1
M01043,Lead,2025-09-10,1
M01044,Lead,2025-10-09,1
M01045,Lead,2025-07-17,1
M01045,Qualified,2025-07-21,2
M01045,Approved,2025-07-24,3
M01045,Activated,2025-08-03,4
M01046,Lead,2025-11-29,1
M01046,Qualified,2025-12-02,2
M01046,Approved,2025-12-08,3
M01046,Activated,2025-12-13,4
M01047,Lead,2025-06-14,1
M01047,Qualified,2025-06-18,2
M01047,Approved,2025-06-24,3
M01047,Activated,2025-07-04,4
M01048,Lead,2025-02-20,1
M01048,Qualified,2025-02-22,2
M01048,Approved,2025-02-25,3
M01048,Activated,2025-03-01,4
M01049,Lead,2025-11-18,1
M01049,Qualified,2025-11-19,2
M01049,Approved,2025-11-22,3
M01049,Activated,2025-11-23,4
M01050,Lead,2025-09-23,1
M01051,Lead,2025-01-03,1
M01051,Qualified,2025-01-05,2
M01051,Approved,2025-01-17,3
M01051,Activated,2025-01-18,4
M01052,Lead,2025-04-14,1
M01052,Qualified,2025-04-18,2
M01052,Approved,2025-04-27,3
M01052,Activated,2025-05-05,4
M01053,Lead,2025-06-05,1
M01054,Lead,2025-11-04,1
M01054,Qualified,2025-11-06,2
M01054,Approved,2025-11-10,3
M01054,Activated,2025-11-14,4
M01055,Lead,2025-07-10,1
M01055,Qualified,2025-07-14,2
M01056,Lead,2025-03-10,1
M01057,Lead,2025-07-22,1
M01058,Lead,2025-10-20,1
M01058,Qualified,2025-10-22,2
M01059,Lead,2025-07-23,1
M01059,Qualified,2025-07-25,2
M01060,Lead,2025-03-20,1
M01060,Qualified,2025-03-22,2
M01060,Approved,2025-03-28,3
M01060,Activated,2025-03-30,4
M01061,Lead,2025-10-12,1
M01061,Qualified,2025-10-21,2
M01061,Approved,2025-10-24,3
M01061,Activated,2025-10-27,4
M01062,Lead,2025-04-27,1
M01062,Qualified,2025-05-03,2
M01062,Approved,2025-05-05,3
M01062,Activated,2025-05-09,4
M01063,Lead,2025-08-21,1
M01063,Qualified,2025-08-23,2
M01063,Approved,2025-08-29,3
M01063,Activated,2025-08-31,4
M01064,Lead,2025-11-13,1
M01064,Qualified,2025-11-16,2
M01064,Approved,2025-11-19,3
M01064,Activated,2025-11-23,4
M01065,Lead,2025-04-11,1
M01066,Lead,2025-10-13,1
M01066,Qualified,2025-10-14,2
M01066,Approved,2025-10-18,3
M01066,Activated,2025-10-20,4
M01067,Lead,2025-12-08,1
M01067,Qualified,2025-12-09,2
M01068,Lead,2025-07-12,1
M01068,Qualified,2025-07-14,2
M01068,Approved,2025-07-18,3
M01068,Activated,2025-07-20,4
M01069,Lead,2025-11-19,1
M01070,Lead,2025-01-23,1
M01070,Qualified,2025-01-24,2
M01070,Approved,2025-01-27,3
M01070,Activated,2025-01-31,4
M01071,Lead,2025-02-25,1
M01071,Qualified,2025-02-27,2
M01071,Approved,2025-03-01,3
M01071,Activated,2025-03-06,4
M01072,Lead,2025-12-05,1
M01072,Qualified,2025-12-12,2
M01072,Approved,2025-12-14,3
M01072,Activated,2025-12-16,4
M01073,Lead,2025-10-19,1
M01073,Qualified,2025-10-23,2
M01073,Approved,2025-10-27,3
M01073,Activated,2025-10-29,4
M01074,Lead,2025-03-24,1
M01075,Lead,2025-05-12,1
M01075,Qualified,2025-05-14,2
M01076,Lead,2025-08-05,1
M01076,Qualified,2025-08-11,2
M01076,Approved,2025-08-18,3
M01076,Activated,2025-08-20,4
M01077,Lead,2025-01-13,1
M01077,Qualified,2025-01-14,2
M01077,Approved,2025-01-20,3
M01077,Activated,2025-01-23,4
M01078,Lead,2025-11-08,1
M01079,Lead,2025-03-25,1
M01079,Qualified,2025-03-28,2
M01080,Lead,2025-04-10,1
M01080,Qualified,2025-04-13,2
M01080,Approved,2025-04-16,3
M01080,Activated,2025-04-20,4
M01081,Lead,2025-03-18,1
M01082,Lead,2025-08-14,1
M01082,Qualified,2025-08-18,2
M01082,Approved,2025-08-22,3
M01082,Activated,2025-08-28,4
M01083,Lead,2025-04-17,1
M01083,Qualified,2025-04-19,2
M01084,Lead,2025-09-07,1
M01084,Qualified,2025-09-10,2
M01084,Approved,2025-09-12,3
M01085,Lead,2025-05-09,1
M01085,Qualified,2025-05-11,2
M01085,Approved,2025-05-14,3
M01085,Activated,2025-05-17,4
M01086,Lead,2025-12-30,1
M01086,Qualified,2026-01-04,2
M01086,Approved,2026-01-07,3
M01086,Activated,2026-01-10,4
M01087,Lead,2025-05-29,1
M01087,Qualified,2025-06-02,2
M01087,Approved,2025-06-06,3
M01087,Activated,2025-06-14,4
M01088,Lead,2025-10-23,1
M01088,Qualified,2025-10-24,2
M01089,Lead,2025-04-14,1
M01089,Qualified,2025-04-17,2
M01089,Approved,2025-04-24,3
M01089,Activated,2025-04-30,4
M01090,Lead,2025-07-02,1
M01090,Qualified,2025-07-04,2
M01090,Approved,2025-07-07,3
M01090,Activated,2025-07-15,4
M01091,Lead,2025-01-10,1
M01091,Qualified,2025-01-16,2
M01091,Approved,2025-01-21,3
M01091,Activated,2025-01-23,4
M01092,Lead,2025-05-17,1
M01092,Qualified,2025-05-19,2
M01092,Approved,2025-05-22,3
M01093,Lead,2025-10-07,1
M01094,Lead,2025-06-06,1
M01095,Lead,2025-10-22,1
M01095,Qualified,2025-10-24,2
M01095,Approved,2025-11-02,3
M01096,Lead,2025-08-04,1
M01096,Qualified,2025-08-11,2
M01096,Approved,2025-08-13,3
M01096,Activated,2025-08-15,4
M01097,Lead,2025-07-20,1
M01098,Lead,2025-09-16,1
M01098,Qualified,2025-09-18,2
M01098,Approved,2025-09-21,3
M01098,Activated,2025-09-27,4
M01099,Lead,2025-03-01,1
M01099,Qualified,2025-03-04,2
M01099,Approved,2025-03-09,3
M01099,Activated,2025-03-16,4
M01100,Lead,2025-02-14,1
M01100,Qualified,2025-02-17,2
M01100,Approved,2025-02-28,3
M01100,Activated,2025-03-07,4
M01101,Lead,2025-03-13,1
M01101,Qualified,2025-03-15,2
M01102,Lead,2025-05-30,1
M01102,Qualified,2025-06-03,2
M01102,Approved,2025-06-06,3
M01102,Activated,2025-06-14,4
M01103,Lead,2025-01-13,1
M01104,Lead,2025-05-20,1
M01104,Qualified,2025-05-21,2
M01104,Approved,2025-05-24,3
M01104,Activated,2025-05-27,4
M01105,Lead,2025-03-22,1
M01106,Lead,2025-01-11,1
M01106,Qualified,2025-01-17,2
M01106,Approved,2025-01-21,3
M01107,Lead,2025-09-02,1
M01107,Qualified,2025-09-04,2
M01107,Approved,2025-09-08,3
M01107,Activated,2025-09-18,4
M01108,Lead,2025-08-10,1
M01108,Qualified,2025-08-13,2
M01109,Lead,2025-09-18,1
M01109,Qualified,2025-09-25,2
M01109,Approved,2025-09-28,3
M01109,Activated,2025-10-08,4
M01110,Lead,2025-10-15,1
M01110,Qualified,2025-10-20,2
M01110,Approved,2025-10-22,3
M01110,Activated,2025-10-27,4
M01111,Lead,2025-10-19,1
M01111,Qualified,2025-10-21,2
M01111,Approved,2025-10-24,3
M01111,Activated,2025-10-25,4
M01112,Lead,2025-07-30,1
M01112,Qualified,2025-08-01,2
M01112,Approved,2025-08-08,3
M01112,Activated,2025-08-22,4
M01113,Lead,2025-06-06,1
M01113,Qualified,2025-06-07,2
M01114,Lead,2025-07-30,1
M01114,Qualified,2025-08-04,2
M01115,Lead,2025-01-31,1
M01115,Qualified,2025-02-04,2
M01115,Approved,2025-02-10,3
M01115,Activated,2025-02-12,4
M01116,Lead,2025-11-10,1
M01116,Qualified,2025-11-14,2
M01116,Approved,2025-11-17,3
M01116,Activated,2025-11-20,4
M01117,Lead,2025-07-30,1
M01118,Lead,2025-01-13,1
M01119,Lead,2025-02-05,1
M01120,Lead,2025-05-09,1
M01120,Qualified,2025-05-13,2
M01120,Approved,2025-05-20,3
M01120,Activated,2025-06-02,4
M01121,Lead,2025-11-25,1
M01121,Qualified,2025-11-26,2
M01122,Lead,2025-10-19,1
M01122,Qualified,2025-10-22,2
M01122,Approved,2025-10-25,3
M01122,Activated,2025-10-26,4
M01123,Lead,2025-01-22,1
M01124,Lead,2025-11-03,1
M01125,Lead,2025-12-09,1
M01125,Qualified,2025-12-14,2
M01125,Approved,2025-12-17,3
M01125,Activated,2025-12-26,4
M01126,Lead,2025-10-24,1
M01126,Qualified,2025-10-29,2
M01126,Approved,2025-11-02,3
M01126,Activated,2025-11-10,4
M01127,Lead,2025-12-09,1
M01127,Qualified,2025-12-13,2
M01127,Approved,2025-12-20,3
M01127,Activated,2025-12-30,4
M01128,Lead,2025-06-19,1
M01129,Lead,2025-01-01,1
M01129,Qualified,2025-01-06,2
M01130,Lead,2025-11-28,1
M01131,Lead,2025-06-01,1
M01132,Lead,2025-07-19,1
M01132,Qualified,2025-07-20,2
M01132,Approved,2025-07-25,3
M01132,Activated,2025-07-28,4
M01133,Lead,2025-05-26,1
M01133,Qualified,2025-05-28,2
M01134,Lead,2025-08-04,1
M01135,Lead,2025-07-22,1
M01135,Qualified,2025-07-26,2
M01135,Approved,2025-07-31,3
M01135,Activated,2025-08-06,4
M01136,Lead,2025-12-28,1
M01136,Qualified,2025-12-31,2
M01136,Approved,2026-01-03,3
M01136,Activated,2026-01-06,4
M01137,Lead,2025-02-26,1
M01137,Qualified,2025-02-28,2
M01137,Approved,2025-03-04,3
M01137,Activated,2025-03-15,4
M01138,Lead,2025-03-28,1
M01138,Qualified,2025-03-30,2
M01138,Approved,2025-04-05,3
M01138,Activated,2025-04-07,4
M01139,Lead,2025-08-09,1
M01139,Qualified,2025-08-10,2
M01139,Approved,2025-08-13,3
M01139,Activated,2025-08-20,4
M01140,Lead,2025-11-22,1
M01140,Qualified,2025-11-24,2
M01140,Approved,2025-12-01,3
M01140,Activated,2025-12-03,4
M01141,Lead,2025-06-13,1
M01141,Qualified,2025-06-16,2
M01141,Approved,2025-06-20,3
M01141,Activated,2025-06-25,4
M01142,Lead,2025-03-31,1
M01142,Qualified,2025-04-02,2
M01142,Approved,2025-04-06,3
M01142,Activated,2025-04-11,4
M01143,Lead,2025-10-27,1
M01143,Qualified,2025-10-31,2
M01143,Approved,2025-11-02,3
M01143,Activated,2025-11-05,4
M01144,Lead,2025-03-04,1
M01144,Qualified,2025-03-08,2
M01145,Lead,2025-04-12,1
M01145,Qualified,2025-04-16,2
M01146,Lead,2025-03-29,1
M01147,Lead,2025-07-22,1
M01147,Qualified,2025-07-25,2
M01147,Approved,2025-07-28,3
M01148,Lead,2025-11-04,1
M01149,Lead,2025-01-15,1
M01149,Qualified,2025-01-18,2
M01149,Approved,2025-01-27,3
M01149,Activated,2025-01-31,4
M01150,Lead,2025-12-06,1
M01150,Qualified,2025-12-11,2
M01150,Approved,2025-12-16,3
M01150,Activated,2025-12-18,4
M01151,Lead,2025-02-13,1
M01151,Qualified,2025-02-14,2
M01151,Approved,2025-02-16,3
M01151,Activated,2025-02-22,4
M01152,Lead,2025-05-29,1
M01152,Qualified,2025-05-31,2
M01152,Approved,2025-06-03,3
M01152,Activated,2025-06-08,4
M01153,Lead,2025-01-24,1
M01153,Qualified,2025-01-25,2
M01153,Approved,2025-01-29,3
M01153,Activated,2025-02-02,4
M01154,Lead,2025-07-10,1
M01154,Qualified,2025-07-12,2
M01154,Approved,2025-07-17,3
M01155,Lead,2025-11-11,1
M01155,Qualified,2025-11-14,2
M01155,Approved,2025-11-18,3
M01155,Activated,2025-11-22,4
M01156,Lead,2025-08-27,1
M01156,Qualified,2025-08-31,2
M01156,Approved,2025-09-08,3
M01156,Activated,2025-09-13,4
M01157,Lead,2025-06-26,1
M01157,Qualified,2025-07-02,2
M01157,Approved,2025-07-08,3
M01157,Activated,2025-07-16,4
M01158,Lead,2025-04-22,1
M01158,Qualified,2025-04-27,2
M01158,Approved,2025-05-03,3
M01158,Activated,2025-05-21,4
M01159,Lead,2025-08-29,1
M01160,Lead,2025-03-02,1
M01161,Lead,2025-08-07,1
M01161,Qualified,2025-08-12,2
M01161,Approved,2025-08-16,3
M01161,Activated,2025-08-27,4
M01162,Lead,2025-02-01,1
M01162,Qualified,2025-02-04,2
M01162,Approved,2025-02-08,3
M01162,Activated,2025-02-12,4
M01163,Lead,2025-12-05,1
M01163,Qualified,2025-12-10,2
M01163,Approved,2025-12-16,3
M01163,Activated,2025-12-20,4
M01164,Lead,2025-01-29,1
M01164,Qualified,2025-01-31,2
M01164,Approved,2025-02-02,3
M01165,Lead,2025-02-06,1
M01166,Lead,2025-11-01,1
M01166,Qualified,2025-11-05,2
M01167,Lead,2025-11-01,1
M01167,Qualified,2025-11-04,2
M01167,Approved,2025-11-08,3
M01168,Lead,2025-11-03,1
M01168,Qualified,2025-11-06,2
M01168,Approved,2025-11-08,3
M01168,Activated,2025-11-09,4
M01169,Lead,2025-06-11,1
M01170,Lead,2025-06-27,1
M01170,Qualified,2025-06-29,2
M01170,Approved,2025-07-03,3
M01170,Activated,2025-07-06,4
M01171,Lead,2025-10-30,1
M01171,Qualified,2025-11-02,2
M01172,Lead,2025-05-04,1
M01172,Qualified,2025-05-06,2
M01172,Approved,2025-05-09,3
M01172,Activated,2025-05-11,4
M01173,Lead,2025-01-06,1
M01173,Qualified,2025-01-09,2
M01173,Approved,2025-01-12,3
M01173,Activated,2025-01-14,4
M01174,Lead,2025-06-09,1
M01174,Qualified,2025-06-12,2
M01174,Approved,2025-06-15,3
M01174,Activated,2025-06-20,4
M01175,Lead,2025-12-22,1
M01176,Lead,2025-10-17,1
M01176,Qualified,2025-10-19,2
M01176,Approved,2025-10-22,3
M01176,Activated,2025-10-26,4
M01177,Lead,2025-10-18,1
M01177,Qualified,2025-10-22,2
M01177,Approved,2025-10-27,3
M01177,Activated,2025-10-31,4
M01178,Lead,2025-03-05,1
M01178,Qualified,2025-03-08,2
M01178,Approved,2025-03-12,3
M01178,Activated,2025-03-15,4
M01179,Lead,2025-06-03,1
M01180,Lead,2025-12-28,1
M01181,Lead,2025-05-12,1
M01181,Qualified,2025-05-13,2
M01181,Approved,2025-05-28,3
M01181,Activated,2025-05-30,4
M01182,Lead,2025-12-01,1
M01183,Lead,2025-04-23,1
M01184,Lead,2025-05-04,1
M01184,Qualified,2025-05-06,2
M01185,Lead,2025-11-01,1
M01185,Qualified,2025-11-09,2
M01185,Approved,2025-11-13,3
M01185,Activated,2025-11-16,4
M01186,Lead,2025-11-26,1
M01186,Qualified,2025-11-29,2
M01186,Approved,2025-12-03,3
M01186,Activated,2025-12-11,4
M01187,Lead,2025-08-15,1
M01187,Qualified,2025-08-22,2
M01188,Lead,2025-06-25,1
M01188,Qualified,2025-06-28,2
M01188,Approved,2025-07-02,3
M01188,Activated,2025-07-09,4
M01189,Lead,2025-11-24,1
M01189,Qualified,2025-11-28,2
M01189,Approved,2025-12-01,3
M01189,Activated,2025-12-05,4
M01190,Lead,2025-12-18,1
M01191,Lead,2025-03-31,1
M01192,Lead,2025-08-16,1
M01192,Qualified,2025-08-18,2
M01192,Approved,2025-08-24,3
M01192,Activated,2025-08-30,4
M01193,Lead,2025-02-17,1
M01193,Qualified,2025-02-20,2
M01193,Approved,2025-02-26,3
M01193,Activated,2025-03-01,4
M01194,Lead,2025-03-15,1
M01195,Lead,2025-05-30,1
M01196,Lead,2025-03-15,1
M01196,Qualified,2025-03-18,2
M01196,Approved,2025-03-20,3
M01197,Lead,2025-11-13,1
M01197,Qualified,2025-11-14,2
M01198,Lead,2025-11-07,1
M01199,Lead,2025-10-05,1
M01199,Qualified,2025-10-08,2
M01199,Approved,2025-10-13,3
M01199,Activated,2025-10-15,4
M01200,Lead,2025-11-26,1
