merchant_id,activity_month,months_since_activation,orders,active_flag
M00001,2025-03-01,0,21,1
M00001,2025-04-01,1,30,1
M00001,2025-05-01,2,53,1
M00001,2025-06-01,3,46,1
M00007,2025-05-01,0,29,1
M00007,2025-06-01,1,32,1
M00007,2025-07-01,2,32,1
M00007,2025-08-01,3,39,1
M00008,2025-06-01,0,569,1
M00008,2025-07-01,1,484,1
M00008,2025-08-01,2,498,1
M00008,2025-09-01,3,521,1
M00009,2025-01-01,0,384,1
M00009,2025-02-01,1,483,1
M00009,2025-03-01,2,477,1
M00009,2025-04-01,3,540,1
M00010,2025-01-01,0,39,1
M00010,2025-02-01,1,63,1
M00010,2025-03-01,2,64,1
M00010,2025-04-01,3,57,1
M00013,2025-12-01,0,54,1
M00013,2026-01-01,1,38,1
M00013,2026-02-01,2,57,1
M00013,2026-03-01,3,45,1
M00014,2026-01-01,0,36,1
M00014,2026-02-01,1,39,1
M00014,2026-03-01,2,50,1
M00014,2026-04-01,3,48,1
M00018,2025-03-01,0,115,1
M00018,2025-04-01,1,136,1
M00018,2025-05-01,2,191,1
M00018,2025-06-01,3,183,1
M00019,2025-12-01,0,154,1
M00019,2026-01-01,1,106,1
M00019,2026-02-01,2,158,1
M00019,2026-03-01,3,207,1
M00020,2025-05-01,0,49,1
M00020,2025-06-01,1,62,1
M00020,2025-07-01,2,32,1
M00020,2025-08-01,3,65,1
M00021,2025-09-01,0,552,1
M00021,2025-10-01,1,388,1
M00021,2025-11-01,2,490,1
M00021,2025-12-01,3,413,1
M00023,2025-01-01,0,166,1
M00023,2025-02-01,1,114,1
M00023,2025-03-01,2,124,1
M00023,2025-04-01,3,175,1
M00025,2025-04-01,0,182,1
M00025,2025-05-01,1,110,1
M00025,2025-06-01,2,184,1
M00025,2025-07-01,3,92,1
M00027,2025-04-01,0,46,1
M00027,2025-05-01,1,26,1
M00027,2025-06-01,2,57,1
M00027,2025-07-01,3,64,1
M00029,2025-07-01,0,41,1
M00029,2025-08-01,1,48,1
M00029,2025-09-01,2,67,1
M00029,2025-10-01,3,43,1
M00034,2025-12-01,0,154,1
M00034,2026-01-01,1,132,1
M00034,2026-02-01,2,146,1
M00034,2026-03-01,3,151,1
M00035,2025-06-01,0,122,1
M00035,2025-07-01,1,180,1
M00035,2025-08-01,2,60,1
M00035,2025-09-01,3,120,1
M00039,2026-01-01,0,177,1
M00039,2026-02-01,1,159,1
M00039,2026-03-01,2,197,1
M00039,2026-04-01,3,118,1
M00040,2025-04-01,0,44,1
M00040,2025-05-01,1,50,1
M00040,2025-06-01,2,60,1
M00040,2025-07-01,3,59,1
M00043,2025-08-01,0,147,1
M00043,2025-09-01,1,132,1
M00043,2025-10-01,2,163,1
M00043,2025-11-01,3,202,1
M00045,2025-01-01,0,72,1
M00045,2025-02-01,1,0,0
M00045,2025-03-01,2,0,0
M00045,2025-04-01,3,0,0
M00047,2025-05-01,0,405,1
M00047,2025-06-01,1,330,1
M00047,2025-07-01,2,564,1
M00047,2025-08-01,3,407,1
M00050,2025-12-01,0,127,1
M00050,2026-01-01,1,78,1
M00050,2026-02-01,2,125,1
M00050,2026-03-01,3,199,1
M00060,2025-05-01,0,152,1
M00060,2025-06-01,1,138,1
M00060,2025-07-01,2,171,1
M00060,2025-08-01,3,149,1
M00061,2025-03-01,0,30,1
M00061,2025-04-01,1,43,1
M00061,2025-05-01,2,53,1
M00061,2025-06-01,3,53,1
M00066,2025-03-01,0,180,1
M00066,2025-04-01,1,137,1
M00066,2025-05-01,2,131,1
M00066,2025-06-01,3,134,1
M00068,2025-06-01,0,122,1
M00068,2025-07-01,1,159,1
M00068,2025-08-01,2,144,1
M00068,2025-09-01,3,133,1
M00070,2025-11-01,0,38,1
M00070,2025-12-01,1,50,1
M00070,2026-01-01,2,47,1
M00070,2026-02-01,3,46,1
M00071,2025-11-01,0,161,1
M00071,2025-12-01,1,183,1
M00071,2026-01-01,2,190,1
M00071,2026-02-01,3,201,1
M00073,2025-08-01,0,99,1
M00073,2025-09-01,1,94,1
M00073,2025-10-01,2,123,1
M00073,2025-11-01,3,147,1
M00074,2025-10-01,0,208,1
M00074,2025-11-01,1,173,1
M00074,2025-12-01,2,189,1
M00074,2026-01-01,3,0,0
M00075,2025-12-01,0,30,1
M00075,2026-01-01,1,53,1
M00075,2026-02-01,2,63,1
M00075,2026-03-01,3,55,1
M00076,2025-06-01,0,36,1
M00076,2025-07-01,1,42,1
M00076,2025-08-01,2,51,1
M00076,2025-09-01,3,47,1
M00077,2025-06-01,0,31,1
M00077,2025-07-01,1,0,0
M00077,2025-08-01,2,0,0
M00077,2025-09-01,3,0,0
M00078,2025-01-01,0,47,1
M00078,2025-02-01,1,43,1
M00078,2025-03-01,2,70,1
M00078,2025-04-01,3,56,1
M00087,2025-04-01,0,47,1
M00087,2025-05-01,1,54,1
M00087,2025-06-01,2,41,1
M00087,2025-07-01,3,42,1
M00088,2025-04-01,0,158,1
M00088,2025-05-01,1,93,1
M00088,2025-06-01,2,116,1
M00088,2025-07-01,3,169,1
M00090,2025-08-01,0,110,1
M00090,2025-09-01,1,154,1
M00090,2025-10-01,2,187,1
M00090,2025-11-01,3,166,1
M00093,2026-01-01,0,49,1
M00093,2026-02-01,1,53,1
M00093,2026-03-01,2,40,1
M00093,2026-04-01,3,61,1
M00097,2025-06-01,0,53,1
M00097,2025-07-01,1,51,1
M00097,2025-08-01,2,50,1
M00097,2025-09-01,3,71,1
M00098,2025-06-01,0,164,1
M00098,2025-07-01,1,142,1
M00098,2025-08-01,2,178,1
M00098,2025-09-01,3,138,1
M00101,2025-05-01,0,124,1
M00101,2025-06-01,1,125,1
M00101,2025-07-01,2,154,1
M00101,2025-08-01,3,151,1
M00103,2025-07-01,0,380,1
M00103,2025-08-01,1,0,0
M00103,2025-09-01,2,0,0
M00103,2025-10-01,3,0,0
M00104,2025-03-01,0,417,1
M00104,2025-04-01,1,181,1
M00104,2025-05-01,2,351,1
M00104,2025-06-01,3,407,1
M00106,2025-02-01,0,72,1
M00106,2025-03-01,1,184,1
M00106,2025-04-01,2,183,1
M00106,2025-05-01,3,150,1
M00108,2025-03-01,0,45,1
M00108,2025-04-01,1,62,1
M00108,2025-05-01,2,61,1
M00108,2025-06-01,3,50,1
M00111,2025-03-01,0,31,1
M00111,2025-04-01,1,60,1
M00111,2025-05-01,2,65,1
M00111,2025-06-01,3,56,1
M00114,2025-09-01,0,161,1
M00114,2025-10-01,1,169,1
M00114,2025-11-01,2,206,1
M00114,2025-12-01,3,172,1
M00116,2025-08-01,0,41,1
M00116,2025-09-01,1,42,1
M00116,2025-10-01,2,76,1
M00116,2025-11-01,3,51,1
M00118,2025-05-01,0,52,1
M00118,2025-06-01,1,67,1
M00118,2025-07-01,2,54,1
M00118,2025-08-01,3,54,1
M00119,2025-03-01,0,28,1
M00119,2025-04-01,1,32,1
M00119,2025-05-01,2,40,1
M00119,2025-06-01,3,65,1
M00124,2025-06-01,0,65,1
M00124,2025-07-01,1,39,1
M00124,2025-08-01,2,54,1
M00124,2025-09-01,3,52,1
M00126,2025-07-01,0,33,1
M00126,2025-08-01,1,59,1
M00126,2025-09-01,2,44,1
M00126,2025-10-01,3,61,1
M00128,2025-01-01,0,280,1
M00128,2025-02-01,1,703,1
M00128,2025-03-01,2,528,1
M00128,2025-04-01,3,485,1
M00129,2025-07-01,0,24,1
M00129,2025-08-01,1,43,1
M00129,2025-09-01,2,50,1
M00129,2025-10-01,3,54,1
M00131,2025-05-01,0,139,1
M00131,2025-06-01,1,136,1
M00131,2025-07-01,2,129,1
M00131,2025-08-01,3,141,1
M00133,2025-12-01,0,85,1
M00133,2026-01-01,1,200,1
M00133,2026-02-01,2,197,1
M00133,2026-03-01,3,185,1
M00134,2025-01-01,0,43,1
M00134,2025-02-01,1,54,1
M00134,2025-03-01,2,57,1
M00134,2025-04-01,3,50,1
M00135,2025-10-01,0,195,1
M00135,2025-11-01,1,176,1
M00135,2025-12-01,2,221,1
M00135,2026-01-01,3,170,1
M00137,2025-12-01,0,174,1
M00137,2026-01-01,1,106,1
M00137,2026-02-01,2,154,1
M00137,2026-03-01,3,165,1
M00139,2025-05-01,0,70,1
M00139,2025-06-01,1,47,1
M00139,2025-07-01,2,29,1
M00139,2025-08-01,3,57,1
M00146,2025-09-01,0,39,1
M00146,2025-10-01,1,51,1
M00146,2025-11-01,2,45,1
M00146,2025-12-01,3,71,1
M00147,2025-05-01,0,42,1
M00147,2025-06-01,1,51,1
M00147,2025-07-01,2,42,1
M00147,2025-08-01,3,45,1
M00148,2025-05-01,0,190,1
M00148,2025-06-01,1,94,1
M00148,2025-07-01,2,163,1
M00148,2025-08-01,3,166,1
M00151,2025-10-01,0,27,1
M00151,2025-11-01,1,45,1
M00151,2025-12-01,2,41,1
M00151,2026-01-01,3,0,0
M00152,2025-02-01,0,87,1
M00152,2025-03-01,1,75,1
M00152,2025-04-01,2,152,1
M00152,2025-05-01,3,156,1
M00156,2025-08-01,0,124,1
M00156,2025-09-01,1,104,1
M00156,2025-10-01,2,150,1
M00156,2025-11-01,3,122,1
M00158,2025-03-01,0,30,1
M00158,2025-04-01,1,37,1
M00158,2025-05-01,2,47,1
M00158,2025-06-01,3,62,1
M00160,2025-03-01,0,44,1
M00160,2025-04-01,1,0,0
M00160,2025-05-01,2,0,0
M00160,2025-06-01,3,0,0
M00162,2025-05-01,0,105,1
M00162,2025-06-01,1,187,1
M00162,2025-07-01,2,140,1
M00162,2025-08-01,3,170,1
M00163,2025-08-01,0,31,1
M00163,2025-09-01,1,58,1
M00163,2025-10-01,2,60,1
M00163,2025-11-01,3,53,1
M00165,2025-06-01,0,139,1
M00165,2025-07-01,1,185,1
M00165,2025-08-01,2,158,1
M00165,2025-09-01,3,167,1
M00168,2025-09-01,0,132,1
M00168,2025-10-01,1,144,1
M00168,2025-11-01,2,151,1
M00168,2025-12-01,3,166,1
M00170,2025-01-01,0,48,1
M00170,2025-02-01,1,55,1
M00170,2025-03-01,2,48,1
M00170,2025-04-01,3,65,1
M00171,2025-05-01,0,34,1
M00171,2025-06-01,1,33,1
M00171,2025-07-01,2,0,0
M00171,2025-08-01,3,0,0
M00173,2025-05-01,0,104,1
M00173,2025-06-01,1,125,1
M00173,2025-07-01,2,164,1
M00173,2025-08-01,3,0,0
M00174,2025-08-01,0,59,1
M00174,2025-09-01,1,51,1
M00174,2025-10-01,2,60,1
M00174,2025-11-01,3,41,1
M00177,2025-10-01,0,164,1
M00177,2025-11-01,1,139,1
M00177,2025-12-01,2,126,1
M00177,2026-01-01,3,153,1
M00180,2025-10-01,0,139,1
M00180,2025-11-01,1,84,1
M00180,2025-12-01,2,178,1
M00180,2026-01-01,3,175,1
M00183,2025-07-01,0,133,1
M00183,2025-08-01,1,81,1
M00183,2025-09-01,2,229,1
M00183,2025-10-01,3,163,1
M00186,2025-08-01,0,52,1
M00186,2025-09-01,1,65,1
M00186,2025-10-01,2,46,1
M00186,2025-11-01,3,66,1
M00187,2025-06-01,0,37,1
M00187,2025-07-01,1,42,1
M00187,2025-08-01,2,41,1
M00187,2025-09-01,3,64,1
M00189,2025-12-01,0,43,1
M00189,2026-01-01,1,0,0
M00189,2026-02-01,2,0,0
M00189,2026-03-01,3,0,0
M00191,2025-09-01,0,60,1
M00191,2025-10-01,1,38,1
M00191,2025-11-01,2,51,1
M00191,2025-12-01,3,29,1
M00192,2025-11-01,0,35,1
M00192,2025-12-01,1,53,1
M00192,2026-01-01,2,49,1
M00192,2026-02-01,3,59,1
M00197,2025-07-01,0,47,1
M00197,2025-08-01,1,46,1
M00197,2025-09-01,2,55,1
M00197,2025-10-01,3,68,1
M00199,2025-04-01,0,386,1
M00199,2025-05-01,1,538,1
M00199,2025-06-01,2,294,1
M00199,2025-07-01,3,712,1
M00202,2025-05-01,0,76,1
M00202,2025-06-01,1,198,1
M00202,2025-07-01,2,129,1
M00202,2025-08-01,3,135,1
M00205,2025-07-01,0,41,1
M00205,2025-08-01,1,42,1
M00205,2025-09-01,2,66,1
M00205,2025-10-01,3,41,1
M00206,2025-03-01,0,25,1
M00206,2025-04-01,1,52,1
M00206,2025-05-01,2,45,1
M00206,2025-06-01,3,82,1
M00210,2025-07-01,0,151,1
M00210,2025-08-01,1,170,1
M00210,2025-09-01,2,145,1
M00210,2025-10-01,3,165,1
M00212,2025-07-01,0,35,1
M00212,2025-08-01,1,44,1
M00212,2025-09-01,2,30,1
M00212,2025-10-01,3,43,1
M00213,2025-09-01,0,422,1
M00213,2025-10-01,1,461,1
M00213,2025-11-01,2,0,0
M00213,2025-12-01,3,0,0
M00216,2025-05-01,0,35,1
M00216,2025-06-01,1,67,1
M00216,2025-07-01,2,0,0
M00216,2025-08-01,3,0,0
M00217,2025-03-01,0,49,1
M00217,2025-04-01,1,59,1
M00217,2025-05-01,2,51,1
M00217,2025-06-01,3,63,1
M00218,2025-02-01,0,42,1
M00218,2025-03-01,1,46,1
M00218,2025-04-01,2,55,1
M00218,2025-05-01,3,55,1
M00219,2025-07-01,0,59,1
M00219,2025-08-01,1,38,1
M00219,2025-09-01,2,45,1
M00219,2025-10-01,3,69,1
M00220,2025-08-01,0,154,1
M00220,2025-09-01,1,116,1
M00220,2025-10-01,2,164,1
M00220,2025-11-01,3,144,1
M00224,2025-06-01,0,119,1
M00224,2025-07-01,1,161,1
M00224,2025-08-01,2,152,1
M00224,2025-09-01,3,207,1
M00225,2025-11-01,0,531,1
M00225,2025-12-01,1,430,1
M00225,2026-01-01,2,465,1
M00225,2026-02-01,3,436,1
M00226,2026-01-01,0,361,1
M00226,2026-02-01,1,292,1
M00226,2026-03-01,2,567,1
M00226,2026-04-01,3,613,1
M00227,2025-09-01,0,56,1
M00227,2025-10-01,1,24,1
M00227,2025-11-01,2,55,1
M00227,2025-12-01,3,50,1
M00228,2025-07-01,0,130,1
M00228,2025-08-01,1,114,1
M00228,2025-09-01,2,147,1
M00228,2025-10-01,3,182,1
M00231,2025-10-01,0,36,1
M00231,2025-11-01,1,36,1
M00231,2025-12-01,2,53,1
M00231,2026-01-01,3,43,1
M00237,2026-01-01,0,88,1
M00237,2026-02-01,1,124,1
M00237,2026-03-01,2,151,1
M00237,2026-04-01,3,98,1
M00241,2025-05-01,0,112,1
M00241,2025-06-01,1,174,1
M00241,2025-07-01,2,139,1
M00241,2025-08-01,3,145,1
M00244,2025-04-01,0,278,1
M00244,2025-05-01,1,383,1
M00244,2025-06-01,2,463,1
M00244,2025-07-01,3,572,1
M00245,2025-02-01,0,147,1
M00245,2025-03-01,1,60,1
M00245,2025-04-01,2,228,1
M00245,2025-05-01,3,0,0
M00248,2025-07-01,0,195,1
M00248,2025-08-01,1,93,1
M00248,2025-09-01,2,173,1
M00248,2025-10-01,3,170,1
M00250,2025-04-01,0,38,1
M00250,2025-05-01,1,48,1
M00250,2025-06-01,2,65,1
M00250,2025-07-01,3,59,1
M00252,2025-03-01,0,52,1
M00252,2025-04-01,1,45,1
M00252,2025-05-01,2,32,1
M00252,2025-06-01,3,45,1
M00253,2025-09-01,0,139,1
M00253,2025-10-01,1,149,1
M00253,2025-11-01,2,198,1
M00253,2025-12-01,3,209,1
M00254,2025-04-01,0,50,1
M00254,2025-05-01,1,49,1
M00254,2025-06-01,2,59,1
M00254,2025-07-01,3,41,1
M00256,2025-09-01,0,275,1
M00256,2025-10-01,1,0,0
M00256,2025-11-01,2,0,0
M00256,2025-12-01,3,0,0
M00257,2025-05-01,0,46,1
M00257,2025-06-01,1,47,1
M00257,2025-07-01,2,47,1
M00257,2025-08-01,3,31,1
M00259,2025-04-01,0,22,1
M00259,2025-05-01,1,59,1
M00259,2025-06-01,2,68,1
M00259,2025-07-01,3,41,1
M00263,2025-08-01,0,27,1
M00263,2025-09-01,1,42,1
M00263,2025-10-01,2,61,1
M00263,2025-11-01,3,76,1
M00265,2025-10-01,0,52,1
M00265,2025-11-01,1,64,1
M00265,2025-12-01,2,43,1
M00265,2026-01-01,3,59,1
M00267,2025-08-01,0,48,1
M00267,2025-09-01,1,34,1
M00267,2025-10-01,2,34,1
M00267,2025-11-01,3,59,1
M00268,2025-03-01,0,32,1
M00268,2025-04-01,1,57,1
M00268,2025-05-01,2,60,1
M00268,2025-06-01,3,53,1
M00274,2025-09-01,0,172,1
M00274,2025-10-01,1,193,1
M00274,2025-11-01,2,130,1
M00274,2025-12-01,3,172,1
M00275,2025-07-01,0,41,1
M00275,2025-08-01,1,31,1
M00275,2025-09-01,2,39,1
M00275,2025-10-01,3,51,1
M00276,2025-07-01,0,47,1
M00276,2025-08-01,1,40,1
M00276,2025-09-01,2,53,1
M00276,2025-10-01,3,45,1
M00277,2025-03-01,0,30,1
M00277,2025-04-01,1,53,1
M00277,2025-05-01,2,74,1
M00277,2025-06-01,3,38,1
M00282,2025-03-01,0,47,1
M00282,2025-04-01,1,24,1
M00282,2025-05-01,2,62,1
M00282,2025-06-01,3,57,1
M00285,2025-11-01,0,47,1
M00285,2025-12-01,1,58,1
M00285,2026-01-01,2,48,1
M00285,2026-02-01,3,67,1
M00286,2025-03-01,0,22,1
M00286,2025-04-01,1,38,1
M00286,2025-05-01,2,33,1
M00286,2025-06-01,3,43,1
M00289,2025-01-01,0,301,1
M00289,2025-02-01,1,355,1
M00289,2025-03-01,2,431,1
M00289,2025-04-01,3,692,1
M00290,2025-04-01,0,152,1
M00290,2025-05-01,1,190,1
M00290,2025-06-01,2,192,1
M00290,2025-07-01,3,165,1
M00291,2025-06-01,0,62,1
M00291,2025-07-01,1,40,1
M00291,2025-08-01,2,0,0
M00291,2025-09-01,3,0,0
M00293,2025-11-01,0,88,1
M00293,2025-12-01,1,100,1
M00293,2026-01-01,2,182,1
M00293,2026-02-01,3,217,1
M00294,2025-11-01,0,142,1
M00294,2025-12-01,1,147,1
M00294,2026-01-01,2,125,1
M00294,2026-02-01,3,167,1
M00297,2025-08-01,0,59,1
M00297,2025-09-01,1,37,1
M00297,2025-10-01,2,51,1
M00297,2025-11-01,3,47,1
M00299,2025-03-01,0,125,1
M00299,2025-04-01,1,139,1
M00299,2025-05-01,2,0,0
M00299,2025-06-01,3,0,0
M00300,2025-11-01,0,85,1
M00300,2025-12-01,1,149,1
M00300,2026-01-01,2,191,1
M00300,2026-02-01,3,105,1
M00301,2026-01-01,0,42,1
M00301,2026-02-01,1,59,1
M00301,2026-03-01,2,46,1
M00301,2026-04-01,3,49,1
M00302,2025-03-01,0,48,1
M00302,2025-04-01,1,58,1
M00302,2025-05-01,2,48,1
M00302,2025-06-01,3,66,1
M00304,2025-11-01,0,51,1
M00304,2025-12-01,1,44,1
M00304,2026-01-01,2,54,1
M00304,2026-02-01,3,53,1
M00307,2025-06-01,0,202,1
M00307,2025-07-01,1,171,1
M00307,2025-08-01,2,148,1
M00307,2025-09-01,3,154,1
M00308,2025-12-01,0,33,1
M00308,2026-01-01,1,64,1
M00308,2026-02-01,2,51,1
M00308,2026-03-01,3,67,1
M00309,2025-12-01,0,49,1
M00309,2026-01-01,1,41,1
M00309,2026-02-01,2,40,1
M00309,2026-03-01,3,67,1
M00310,2025-06-01,0,46,1
M00310,2025-07-01,1,54,1
M00310,2025-08-01,2,56,1
M00310,2025-09-01,3,57,1
M00313,2025-12-01,0,46,1
M00313,2026-01-01,1,0,0
M00313,2026-02-01,2,0,0
M00313,2026-03-01,3,0,0
M00314,2025-07-01,0,174,1
M00314,2025-08-01,1,140,1
M00314,2025-09-01,2,102,1
M00314,2025-10-01,3,208,1
M00317,2025-03-01,0,36,1
M00317,2025-04-01,1,43,1
M00317,2025-05-01,2,34,1
M00317,2025-06-01,3,52,1
M00319,2025-10-01,0,134,1
M00319,2025-11-01,1,113,1
M00319,2025-12-01,2,142,1
M00319,2026-01-01,3,151,1
M00320,2025-04-01,0,35,1
M00320,2025-05-01,1,50,1
M00320,2025-06-01,2,53,1
M00320,2025-07-01,3,57,1
M00322,2025-01-01,0,55,1
M00322,2025-02-01,1,46,1
M00322,2025-03-01,2,0,0
M00322,2025-04-01,3,0,0
M00323,2025-03-01,0,95,1
M00323,2025-04-01,1,183,1
M00323,2025-05-01,2,159,1
M00323,2025-06-01,3,143,1
M00324,2025-03-01,0,31,1
M00324,2025-04-01,1,59,1
M00324,2025-05-01,2,41,1
M00324,2025-06-01,3,52,1
M00326,2025-03-01,0,125,1
M00326,2025-04-01,1,184,1
M00326,2025-05-01,2,164,1
M00326,2025-06-01,3,175,1
M00328,2025-05-01,0,421,1
M00328,2025-06-01,1,465,1
M00328,2025-07-01,2,0,0
M00328,2025-08-01,3,0,0
M00331,2025-09-01,0,104,1
M00331,2025-10-01,1,0,0
M00331,2025-11-01,2,0,0
M00331,2025-12-01,3,0,0
M00333,2025-03-01,0,137,1
M00333,2025-04-01,1,128,1
M00333,2025-05-01,2,135,1
M00333,2025-06-01,3,143,1
M00336,2025-05-01,0,47,1
M00336,2025-06-01,1,53,1
M00336,2025-07-01,2,0,0
M00336,2025-08-01,3,0,0
M00337,2025-02-01,0,150,1
M00337,2025-03-01,1,154,1
M00337,2025-04-01,2,157,1
M00337,2025-05-01,3,147,1
M00338,2025-02-01,0,37,1
M00338,2025-03-01,1,65,1
M00338,2025-04-01,2,48,1
M00338,2025-05-01,3,40,1
M00339,2025-01-01,0,42,1
M00339,2025-02-01,1,42,1
M00339,2025-03-01,2,41,1
M00339,2025-04-01,3,52,1
M00340,2025-04-01,0,56,1
M00340,2025-05-01,1,39,1
M00340,2025-06-01,2,66,1
M00340,2025-07-01,3,63,1
M00343,2025-06-01,0,66,1
M00343,2025-07-01,1,53,1
M00343,2025-08-01,2,33,1
M00343,2025-09-01,3,49,1
M00345,2025-07-01,0,36,1
M00345,2025-08-01,1,56,1
M00345,2025-09-01,2,58,1
M00345,2025-10-01,3,56,1
M00350,2025-09-01,0,150,1
M00350,2025-10-01,1,113,1
M00350,2025-11-01,2,152,1
M00350,2025-12-01,3,131,1
M00351,2025-11-01,0,35,1
M00351,2025-12-01,1,32,1
M00351,2026-01-01,2,41,1
M00351,2026-02-01,3,36,1
M00354,2025-11-01,0,42,1
M00354,2025-12-01,1,40,1
M00354,2026-01-01,2,0,0
M00354,2026-02-01,3,0,0
M00355,2025-05-01,0,144,1
M00355,2025-06-01,1,123,1
M00355,2025-07-01,2,205,1
M00355,2025-08-01,3,158,1
M00364,2025-07-01,0,339,1
M00364,2025-08-01,1,560,1
M00364,2025-09-01,2,338,1
M00364,2025-10-01,3,622,1
M00366,2025-03-01,0,34,1
M00366,2025-04-01,1,48,1
M00366,2025-05-01,2,39,1
M00366,2025-06-01,3,50,1
M00367,2025-12-01,0,423,1
M00367,2026-01-01,1,392,1
M00367,2026-02-01,2,481,1
M00367,2026-03-01,3,390,1
M00368,2025-02-01,0,40,1
M00368,2025-03-01,1,26,1
M00368,2025-04-01,2,48,1
M00368,2025-05-01,3,56,1
M00369,2025-04-01,0,19,1
M00369,2025-05-01,1,31,1
M00369,2025-06-01,2,56,1
M00369,2025-07-01,3,55,1
M00374,2025-11-01,0,101,1
M00374,2025-12-01,1,185,1
M00374,2026-01-01,2,197,1
M00374,2026-02-01,3,115,1
M00375,2025-11-01,0,147,1
M00375,2025-12-01,1,166,1
M00375,2026-01-01,2,193,1
M00375,2026-02-01,3,190,1
M00378,2025-01-01,0,34,1
M00378,2025-02-01,1,0,0
M00378,2025-03-01,2,0,0
M00378,2025-04-01,3,0,0
M00380,2025-09-01,0,161,1
M00380,2025-10-01,1,162,1
M00380,2025-11-01,2,153,1
M00380,2025-12-01,3,185,1
M00382,2025-11-01,0,33,1
M00382,2025-12-01,1,62,1
M00382,2026-01-01,2,47,1
M00382,2026-02-01,3,57,1
M00384,2025-06-01,0,49,1
M00384,2025-07-01,1,45,1
M00384,2025-08-01,2,46,1
M00384,2025-09-01,3,56,1
M00385,2025-06-01,0,558,1
M00385,2025-07-01,1,405,1
M00385,2025-08-01,2,470,1
M00385,2025-09-01,3,642,1
M00392,2025-09-01,0,209,1
M00392,2025-10-01,1,160,1
M00392,2025-11-01,2,132,1
M00392,2025-12-01,3,165,1
M00393,2025-06-01,0,110,1
M00393,2025-07-01,1,165,1
M00393,2025-08-01,2,170,1
M00393,2025-09-01,3,237,1
M00394,2025-09-01,0,48,1
M00394,2025-10-01,1,43,1
M00394,2025-11-01,2,49,1
M00394,2025-12-01,3,44,1
M00397,2025-05-01,0,109,1
M00397,2025-06-01,1,195,1
M00397,2025-07-01,2,138,1
M00397,2025-08-01,3,179,1
M00400,2025-10-01,0,37,1
M00400,2025-11-01,1,41,1
M00400,2025-12-01,2,23,1
M00400,2026-01-01,3,56,1
M00402,2025-01-01,0,62,1
M00402,2025-02-01,1,41,1
M00402,2025-03-01,2,60,1
M00402,2025-04-01,3,46,1
M00403,2025-09-01,0,49,1
M00403,2025-10-01,1,30,1
M00403,2025-11-01,2,66,1
M00403,2025-12-01,3,0,0
M00404,2025-11-01,0,44,1
M00404,2025-12-01,1,76,1
M00404,2026-01-01,2,23,1
M00404,2026-02-01,3,45,1
M00408,2025-04-01,0,47,1
M00408,2025-05-01,1,39,1
M00408,2025-06-01,2,26,1
M00408,2025-07-01,3,0,0
M00409,2025-12-01,0,134,1
M00409,2026-01-01,1,138,1
M00409,2026-02-01,2,174,1
M00409,2026-03-01,3,184,1
M00413,2025-12-01,0,175,1
M00413,2026-01-01,1,178,1
M00413,2026-02-01,2,121,1
M00413,2026-03-01,3,122,1
M00416,2025-05-01,0,33,1
M00416,2025-06-01,1,55,1
M00416,2025-07-01,2,37,1
M00416,2025-08-01,3,53,1
M00419,2025-06-01,0,148,1
M00419,2025-07-01,1,168,1
M00419,2025-08-01,2,202,1
M00419,2025-09-01,3,116,1
M00420,2025-07-01,0,141,1
M00420,2025-08-01,1,118,1
M00420,2025-09-01,2,230,1
M00420,2025-10-01,3,0,0
M00421,2025-11-01,0,51,1
M00421,2025-12-01,1,36,1
M00421,2026-01-01,2,49,1
M00421,2026-02-01,3,51,1
M00426,2025-09-01,0,188,1
M00426,2025-10-01,1,218,1
M00426,2025-11-01,2,169,1
M00426,2025-12-01,3,145,1
M00427,2025-07-01,0,47,1
M00427,2025-08-01,1,51,1
M00427,2025-09-01,2,38,1
M00427,2025-10-01,3,39,1
M00428,2025-07-01,0,113,1
M00428,2025-08-01,1,126,1
M00428,2025-09-01,2,122,1
M00428,2025-10-01,3,120,1
M00430,2025-09-01,0,170,1
M00430,2025-10-01,1,107,1
M00430,2025-11-01,2,157,1
M00430,2025-12-01,3,182,1
M00434,2025-05-01,0,189,1
M00434,2025-06-01,1,56,1
M00434,2025-07-01,2,203,1
M00434,2025-08-01,3,153,1
M00435,2025-03-01,0,115,1
M00435,2025-04-01,1,104,1
M00435,2025-05-01,2,186,1
M00435,2025-06-01,3,0,0
M00436,2025-04-01,0,34,1
M00436,2025-05-01,1,32,1
M00436,2025-06-01,2,70,1
M00436,2025-07-01,3,0,0
M00438,2025-01-01,0,111,1
M00438,2025-02-01,1,188,1
M00438,2025-03-01,2,200,1
M00438,2025-04-01,3,175,1
M00441,2025-12-01,0,48,1
M00441,2026-01-01,1,47,1
M00441,2026-02-01,2,50,1
M00441,2026-03-01,3,37,1
M00442,2025-04-01,0,73,1
M00442,2025-05-01,1,99,1
M00442,2025-06-01,2,0,0
M00442,2025-07-01,3,0,0
M00444,2025-06-01,0,162,1
M00444,2025-07-01,1,158,1
M00444,2025-08-01,2,201,1
M00444,2025-09-01,3,144,1
M00445,2025-03-01,0,56,1
M00445,2025-04-01,1,22,1
M00445,2025-05-01,2,44,1
M00445,2025-06-01,3,57,1
M00446,2025-09-01,0,41,1
M00446,2025-10-01,1,42,1
M00446,2025-11-01,2,47,1
M00446,2025-12-01,3,55,1
M00450,2025-06-01,0,27,1
M00450,2025-07-01,1,55,1
M00450,2025-08-01,2,51,1
M00450,2025-09-01,3,39,1
M00451,2025-01-01,0,33,1
M00451,2025-02-01,1,30,1
M00451,2025-03-01,2,49,1
M00451,2025-04-01,3,73,1
M00452,2025-03-01,0,427,1
M00452,2025-04-01,1,528,1
M00452,2025-05-01,2,624,1
M00452,2025-06-01,3,542,1
M00454,2025-12-01,0,133,1
M00454,2026-01-01,1,174,1
M00454,2026-02-01,2,153,1
M00454,2026-03-01,3,0,0
M00455,2025-03-01,0,62,1
M00455,2025-04-01,1,37,1
M00455,2025-05-01,2,53,1
M00455,2025-06-01,3,45,1
M00461,2025-08-01,0,34,1
M00461,2025-09-01,1,60,1
M00461,2025-10-01,2,47,1
M00461,2025-11-01,3,45,1
M00462,2025-11-01,0,135,1
M00462,2025-12-01,1,166,1
M00462,2026-01-01,2,147,1
M00462,2026-02-01,3,0,0
M00463,2025-04-01,0,120,1
M00463,2025-05-01,1,142,1
M00463,2025-06-01,2,95,1
M00463,2025-07-01,3,208,1
M00465,2025-04-01,0,118,1
M00465,2025-05-01,1,148,1
M00465,2025-06-01,2,181,1
M00465,2025-07-01,3,128,1
M00466,2025-11-01,0,99,1
M00466,2025-12-01,1,0,0
M00466,2026-01-01,2,0,0
M00466,2026-02-01,3,0,0
M00467,2025-03-01,0,55,1
M00467,2025-04-01,1,61,1
M00467,2025-05-01,2,34,1
M00467,2025-06-01,3,29,1
M00469,2025-01-01,0,39,1
M00469,2025-02-01,1,32,1
M00469,2025-03-01,2,23,1
M00469,2025-04-01,3,53,1
M00474,2025-11-01,0,628,1
M00474,2025-12-01,1,495,1
M00474,2026-01-01,2,617,1
M00474,2026-02-01,3,499,1
M00475,2025-03-01,0,34,1
M00475,2025-04-01,1,0,0
M00475,2025-05-01,2,0,0
M00475,2025-06-01,3,0,0
M00478,2025-05-01,0,60,1
M00478,2025-06-01,1,32,1
M00478,2025-07-01,2,59,1
M00478,2025-08-01,3,37,1
M00479,2025-04-01,0,128,1
M00479,2025-05-01,1,115,1
M00479,2025-06-01,2,200,1
M00479,2025-07-01,3,146,1
M00484,2025-05-01,0,44,1
M00484,2025-06-01,1,46,1
M00484,2025-07-01,2,44,1
M00484,2025-08-01,3,35,1
M00485,2025-02-01,0,65,1
M00485,2025-03-01,1,49,1
M00485,2025-04-01,2,54,1
M00485,2025-05-01,3,50,1
M00486,2025-04-01,0,45,1
M00486,2025-05-01,1,49,1
M00486,2025-06-01,2,36,1
M00486,2025-07-01,3,55,1
M00488,2025-03-01,0,30,1
M00488,2025-04-01,1,47,1
M00488,2025-05-01,2,32,1
M00488,2025-06-01,3,47,1
M00496,2025-03-01,0,409,1
M00496,2025-04-01,1,328,1
M00496,2025-05-01,2,564,1
M00496,2025-06-01,3,318,1
M00499,2025-06-01,0,61,1
M00499,2025-07-01,1,36,1
M00499,2025-08-01,2,46,1
M00499,2025-09-01,3,36,1
M00500,2025-06-01,0,485,1
M00500,2025-07-01,1,479,1
M00500,2025-08-01,2,503,1
M00500,2025-09-01,3,557,1
M00502,2025-09-01,0,115,1
M00502,2025-10-01,1,151,1
M00502,2025-11-01,2,157,1
M00502,2025-12-01,3,135,1
M00503,2025-08-01,0,38,1
M00503,2025-09-01,1,49,1
M00503,2025-10-01,2,52,1
M00503,2025-11-01,3,0,0
M00504,2025-01-01,0,48,1
M00504,2025-02-01,1,41,1
M00504,2025-03-01,2,44,1
M00504,2025-04-01,3,53,1
M00506,2025-12-01,0,49,1
M00506,2026-01-01,1,62,1
M00506,2026-02-01,2,56,1
M00506,2026-03-01,3,25,1
M00507,2025-08-01,0,135,1
M00507,2025-09-01,1,152,1
M00507,2025-10-01,2,182,1
M00507,2025-11-01,3,211,1
M00509,2025-09-01,0,41,1
M00509,2025-10-01,1,38,1
M00509,2025-11-01,2,44,1
M00509,2025-12-01,3,63,1
M00510,2025-12-01,0,57,1
M00510,2026-01-01,1,58,1
M00510,2026-02-01,2,39,1
M00510,2026-03-01,3,71,1
M00513,2025-12-01,0,41,1
M00513,2026-01-01,1,58,1
M00513,2026-02-01,2,47,1
M00513,2026-03-01,3,50,1
M00517,2025-11-01,0,126,1
M00517,2025-12-01,1,115,1
M00517,2026-01-01,2,198,1
M00517,2026-02-01,3,251,1
M00518,2025-11-01,0,160,1
M00518,2025-12-01,1,167,1
M00518,2026-01-01,2,151,1
M00518,2026-02-01,3,205,1
M00520,2025-07-01,0,55,1
M00520,2025-08-01,1,58,1
M00520,2025-09-01,2,56,1
M00520,2025-10-01,3,41,1
M00522,2025-09-01,0,52,1
M00522,2025-10-01,1,39,1
M00522,2025-11-01,2,42,1
M00522,2025-12-01,3,59,1
M00525,2026-01-01,0,117,1
M00525,2026-02-01,1,167,1
M00525,2026-03-01,2,130,1
M00525,2026-04-01,3,190,1
M00527,2025-03-01,0,146,1
M00527,2025-04-01,1,125,1
M00527,2025-05-01,2,230,1
M00527,2025-06-01,3,221,1
M00528,2025-09-01,0,39,1
M00528,2025-10-01,1,44,1
M00528,2025-11-01,2,62,1
M00528,2025-12-01,3,44,1
M00531,2025-03-01,0,132,1
M00531,2025-04-01,1,132,1
M00531,2025-05-01,2,86,1
M00531,2025-06-01,3,144,1
M00532,2025-04-01,0,38,1
M00532,2025-05-01,1,52,1
M00532,2025-06-01,2,41,1
M00532,2025-07-01,3,58,1
M00533,2025-04-01,0,48,1
M00533,2025-05-01,1,56,1
M00533,2025-06-01,2,44,1
M00533,2025-07-01,3,53,1
M00534,2025-01-01,0,25,1
M00534,2025-02-01,1,39,1
M00534,2025-03-01,2,43,1
M00534,2025-04-01,3,49,1
M00536,2025-07-01,0,150,1
M00536,2025-08-01,1,122,1
M00536,2025-09-01,2,161,1
M00536,2025-10-01,3,176,1
M00540,2025-04-01,0,48,1
M00540,2025-05-01,1,51,1
M00540,2025-06-01,2,46,1
M00540,2025-07-01,3,51,1
M00546,2025-09-01,0,357,1
M00546,2025-10-01,1,454,1
M00546,2025-11-01,2,480,1
M00546,2025-12-01,3,509,1
M00547,2025-07-01,0,546,1
M00547,2025-08-01,1,413,1
M00547,2025-09-01,2,606,1
M00547,2025-10-01,3,671,1
M00549,2025-03-01,0,40,1
M00549,2025-04-01,1,28,1
M00549,2025-05-01,2,50,1
M00549,2025-06-01,3,66,1
M00550,2025-04-01,0,48,1
M00550,2025-05-01,1,34,1
M00550,2025-06-01,2,51,1
M00550,2025-07-01,3,72,1
M00551,2025-11-01,0,143,1
M00551,2025-12-01,1,219,1
M00551,2026-01-01,2,171,1
M00551,2026-02-01,3,183,1
M00552,2025-10-01,0,71,1
M00552,2025-11-01,1,162,1
M00552,2025-12-01,2,124,1
M00552,2026-01-01,3,154,1
M00554,2025-01-01,0,157,1
M00554,2025-02-01,1,133,1
M00554,2025-03-01,2,0,0
M00554,2025-04-01,3,0,0
M00559,2025-02-01,0,48,1
M00559,2025-03-01,1,35,1
M00559,2025-04-01,2,53,1
M00559,2025-05-01,3,61,1
M00560,2025-07-01,0,52,1
M00560,2025-08-01,1,46,1
M00560,2025-09-01,2,28,1
M00560,2025-10-01,3,51,1
M00562,2025-05-01,0,353,1
M00562,2025-06-01,1,558,1
M00562,2025-07-01,2,450,1
M00562,2025-08-01,3,446,1
M00565,2025-10-01,0,97,1
M00565,2025-11-01,1,164,1
M00565,2025-12-01,2,134,1
M00565,2026-01-01,3,189,1
M00566,2025-07-01,0,96,1
M00566,2025-08-01,1,202,1
M00566,2025-09-01,2,124,1
M00566,2025-10-01,3,0,0
M00572,2025-05-01,0,219,1
M00572,2025-06-01,1,124,1
M00572,2025-07-01,2,0,0
M00572,2025-08-01,3,0,0
M00574,2025-10-01,0,61,1
M00574,2025-11-01,1,43,1
M00574,2025-12-01,2,50,1
M00574,2026-01-01,3,41,1
M00577,2025-12-01,0,63,1
M00577,2026-01-01,1,59,1
M00577,2026-02-01,2,35,1
M00577,2026-03-01,3,56,1
M00579,2025-08-01,0,28,1
M00579,2025-09-01,1,62,1
M00579,2025-10-01,2,47,1
M00579,2025-11-01,3,62,1
M00580,2026-01-01,0,172,1
M00580,2026-02-01,1,163,1
M00580,2026-03-01,2,230,1
M00580,2026-04-01,3,168,1
M00581,2025-11-01,0,40,1
M00581,2025-12-01,1,37,1
M00581,2026-01-01,2,37,1
M00581,2026-02-01,3,52,1
M00583,2025-08-01,0,114,1
M00583,2025-09-01,1,195,1
M00583,2025-10-01,2,56,1
M00583,2025-11-01,3,116,1
M00585,2025-06-01,0,27,1
M00585,2025-07-01,1,30,1
M00585,2025-08-01,2,70,1
M00585,2025-09-01,3,31,1
M00588,2025-06-01,0,173,1
M00588,2025-07-01,1,0,0
M00588,2025-08-01,2,0,0
M00588,2025-09-01,3,0,0
M00589,2025-02-01,0,162,1
M00589,2025-03-01,1,117,1
M00589,2025-04-01,2,145,1
M00589,2025-05-01,3,155,1
M00593,2025-04-01,0,391,1
M00593,2025-05-01,1,0,0
M00593,2025-06-01,2,0,0
M00593,2025-07-01,3,0,0
M00594,2025-09-01,0,83,1
M00594,2025-10-01,1,140,1
M00594,2025-11-01,2,126,1
M00594,2025-12-01,3,176,1
M00597,2025-10-01,0,170,1
M00597,2025-11-01,1,177,1
M00597,2025-12-01,2,194,1
M00597,2026-01-01,3,117,1
M00599,2025-11-01,0,37,1
M00599,2025-12-01,1,39,1
M00599,2026-01-01,2,51,1
M00599,2026-02-01,3,46,1
M00602,2026-01-01,0,121,1
M00602,2026-02-01,1,94,1
M00602,2026-03-01,2,72,1
M00602,2026-04-01,3,132,1
M00603,2025-02-01,0,119,1
M00603,2025-03-01,1,94,1
M00603,2025-04-01,2,157,1
M00603,2025-05-01,3,179,1
M00604,2025-09-01,0,140,1
M00604,2025-10-01,1,95,1
M00604,2025-11-01,2,204,1
M00604,2025-12-01,3,159,1
M00605,2025-12-01,0,104,1
M00605,2026-01-01,1,126,1
M00605,2026-02-01,2,134,1
M00605,2026-03-01,3,133,1
M00606,2025-03-01,0,28,1
M00606,2025-04-01,1,75,1
M00606,2025-05-01,2,54,1
M00606,2025-06-01,3,68,1
M00610,2025-08-01,0,56,1
M00610,2025-09-01,1,46,1
M00610,2025-10-01,2,57,1
M00610,2025-11-01,3,58,1
M00611,2025-12-01,0,122,1
M00611,2026-01-01,1,47,1
M00611,2026-02-01,2,171,1
M00611,2026-03-01,3,187,1
M00612,2025-11-01,0,198,1
M00612,2025-12-01,1,0,0
M00612,2026-01-01,2,0,0
M00612,2026-02-01,3,0,0
M00617,2025-06-01,0,290,1
M00617,2025-07-01,1,530,1
M00617,2025-08-01,2,412,1
M00617,2025-09-01,3,436,1
M00620,2025-02-01,0,49,1
M00620,2025-03-01,1,51,1
M00620,2025-04-01,2,52,1
M00620,2025-05-01,3,63,1
M00621,2025-09-01,0,156,1
M00621,2025-10-01,1,101,1
M00621,2025-11-01,2,193,1
M00621,2025-12-01,3,168,1
M00623,2025-07-01,0,46,1
M00623,2025-08-01,1,43,1
M00623,2025-09-01,2,41,1
M00623,2025-10-01,3,41,1
M00625,2025-09-01,0,177,1
M00625,2025-10-01,1,174,1
M00625,2025-11-01,2,107,1
M00625,2025-12-01,3,147,1
M00626,2025-05-01,0,47,1
M00626,2025-06-01,1,40,1
M00626,2025-07-01,2,64,1
M00626,2025-08-01,3,63,1
M00629,2025-09-01,0,99,1
M00629,2025-10-01,1,121,1
M00629,2025-11-01,2,119,1
M00629,2025-12-01,3,125,1
M00630,2025-03-01,0,38,1
M00630,2025-04-01,1,32,1
M00630,2025-05-01,2,49,1
M00630,2025-06-01,3,57,1
M00631,2025-10-01,0,45,1
M00631,2025-11-01,1,36,1
M00631,2025-12-01,2,60,1
M00631,2026-01-01,3,51,1
M00634,2025-11-01,0,41,1
M00634,2025-12-01,1,57,1
M00634,2026-01-01,2,61,1
M00634,2026-02-01,3,60,1
M00635,2025-11-01,0,22,1
M00635,2025-12-01,1,21,1
M00635,2026-01-01,2,44,1
M00635,2026-02-01,3,42,1
M00639,2025-10-01,0,169,1
M00639,2025-11-01,1,90,1
M00639,2025-12-01,2,143,1
M00639,2026-01-01,3,177,1
M00640,2025-10-01,0,56,1
M00640,2025-11-01,1,56,1
M00640,2025-12-01,2,35,1
M00640,2026-01-01,3,31,1
M00641,2025-11-01,0,47,1
M00641,2025-12-01,1,35,1
M00641,2026-01-01,2,52,1
M00641,2026-02-01,3,43,1
M00643,2025-01-01,0,30,1
M00643,2025-02-01,1,26,1
M00643,2025-03-01,2,0,0
M00643,2025-04-01,3,0,0
M00644,2025-06-01,0,134,1
M00644,2025-07-01,1,117,1
M00644,2025-08-01,2,132,1
M00644,2025-09-01,3,0,0
M00645,2025-08-01,0,426,1
M00645,2025-09-01,1,665,1
M00645,2025-10-01,2,670,1
M00645,2025-11-01,3,0,0
M00646,2025-09-01,0,143,1
M00646,2025-10-01,1,0,0
M00646,2025-11-01,2,0,0
M00646,2025-12-01,3,0,0
M00647,2025-06-01,0,61,1
M00647,2025-07-01,1,56,1
M00647,2025-08-01,2,54,1
M00647,2025-09-01,3,68,1
M00652,2025-10-01,0,379,1
M00652,2025-11-01,1,494,1
M00652,2025-12-01,2,556,1
M00652,2026-01-01,3,780,1
M00655,2025-10-01,0,43,1
M00655,2025-11-01,1,34,1
M00655,2025-12-01,2,52,1
M00655,2026-01-01,3,51,1
M00659,2025-10-01,0,111,1
M00659,2025-11-01,1,136,1
M00659,2025-12-01,2,144,1
M00659,2026-01-01,3,162,1
M00661,2025-11-01,0,51,1
M00661,2025-12-01,1,42,1
M00661,2026-01-01,2,28,1
M00661,2026-02-01,3,0,0
M00662,2025-01-01,0,22,1
M00662,2025-02-01,1,28,1
M00662,2025-03-01,2,36,1
M00662,2025-04-01,3,48,1
M00663,2025-02-01,0,44,1
M00663,2025-03-01,1,55,1
M00663,2025-04-01,2,27,1
M00663,2025-05-01,3,51,1
M00664,2025-11-01,0,43,1
M00664,2025-12-01,1,32,1
M00664,2026-01-01,2,55,1
M00664,2026-02-01,3,65,1
M00665,2025-05-01,0,41,1
M00665,2025-06-01,1,33,1
M00665,2025-07-01,2,53,1
M00665,2025-08-01,3,26,1
M00667,2025-02-01,0,54,1
M00667,2025-03-01,1,48,1
M00667,2025-04-01,2,47,1
M00667,2025-05-01,3,57,1
M00670,2025-09-01,0,114,1
M00670,2025-10-01,1,137,1
M00670,2025-11-01,2,218,1
M00670,2025-12-01,3,243,1
M00675,2025-02-01,0,439,1
M00675,2025-03-01,1,446,1
M00675,2025-04-01,2,350,1
M00675,2025-05-01,3,626,1
M00676,2025-04-01,0,26,1
M00676,2025-05-01,1,50,1
M00676,2025-06-01,2,65,1
M00676,2025-07-01,3,54,1
M00677,2026-01-01,0,29,1
M00677,2026-02-01,1,43,1
M00677,2026-03-01,2,51,1
M00677,2026-04-01,3,58,1
M00678,2025-10-01,0,140,1
M00678,2025-11-01,1,191,1
M00678,2025-12-01,2,209,1
M00678,2026-01-01,3,151,1
M00680,2025-10-01,0,49,1
M00680,2025-11-01,1,44,1
M00680,2025-12-01,2,0,0
M00680,2026-01-01,3,0,0
M00681,2025-04-01,0,95,1
M00681,2025-05-01,1,170,1
M00681,2025-06-01,2,121,1
M00681,2025-07-01,3,196,1
M00682,2025-12-01,0,49,1
M00682,2026-01-01,1,52,1
M00682,2026-02-01,2,61,1
M00682,2026-03-01,3,32,1
M00687,2025-07-01,0,529,1
M00687,2025-08-01,1,383,1
M00687,2025-09-01,2,572,1
M00687,2025-10-01,3,568,1
M00688,2025-03-01,0,57,1
M00688,2025-04-01,1,56,1
M00688,2025-05-01,2,49,1
M00688,2025-06-01,3,80,1
M00689,2025-12-01,0,104,1
M00689,2026-01-01,1,106,1
M00689,2026-02-01,2,150,1
M00689,2026-03-01,3,150,1
M00691,2025-01-01,0,73,1
M00691,2025-02-01,1,41,1
M00691,2025-03-01,2,47,1
M00691,2025-04-01,3,64,1
M00693,2025-05-01,0,49,1
M00693,2025-06-01,1,41,1
M00693,2025-07-01,2,56,1
M00693,2025-08-01,3,44,1
M00697,2025-06-01,0,56,1
M00697,2025-07-01,1,40,1
M00697,2025-08-01,2,34,1
M00697,2025-09-01,3,56,1
M00699,2025-10-01,0,99,1
M00699,2025-11-01,1,126,1
M00699,2025-12-01,2,213,1
M00699,2026-01-01,3,152,1
M00705,2025-07-01,0,54,1
M00705,2025-08-01,1,28,1
M00705,2025-09-01,2,45,1
M00705,2025-10-01,3,46,1
M00706,2025-04-01,0,126,1
M00706,2025-05-01,1,192,1
M00706,2025-06-01,2,161,1
M00706,2025-07-01,3,208,1
M00712,2025-04-01,0,152,1
M00712,2025-05-01,1,145,1
M00712,2025-06-01,2,182,1
M00712,2025-07-01,3,227,1
M00716,2025-03-01,0,33,1
M00716,2025-04-01,1,48,1
M00716,2025-05-01,2,42,1
M00716,2025-06-01,3,51,1
M00717,2025-05-01,0,41,1
M00717,2025-06-01,1,35,1
M00717,2025-07-01,2,45,1
M00717,2025-08-01,3,49,1
M00718,2025-10-01,0,132,1
M00718,2025-11-01,1,82,1
M00718,2025-12-01,2,147,1
M00718,2026-01-01,3,163,1
M00719,2025-04-01,0,149,1
M00719,2025-05-01,1,128,1
M00719,2025-06-01,2,155,1
M00719,2025-07-01,3,186,1
M00721,2025-04-01,0,31,1
M00721,2025-05-01,1,47,1
M00721,2025-06-01,2,47,1
M00721,2025-07-01,3,48,1
M00722,2025-11-01,0,53,1
M00722,2025-12-01,1,50,1
M00722,2026-01-01,2,44,1
M00722,2026-02-01,3,47,1
M00723,2025-11-01,0,41,1
M00723,2025-12-01,1,35,1
M00723,2026-01-01,2,57,1
M00723,2026-02-01,3,0,0
M00724,2025-10-01,0,88,1
M00724,2025-11-01,1,186,1
M00724,2025-12-01,2,162,1
M00724,2026-01-01,3,129,1
M00725,2025-01-01,0,49,1
M00725,2025-02-01,1,37,1
M00725,2025-03-01,2,71,1
M00725,2025-04-01,3,53,1
M00726,2025-09-01,0,34,1
M00726,2025-10-01,1,33,1
M00726,2025-11-01,2,56,1
M00726,2025-12-01,3,44,1
M00728,2025-11-01,0,46,1
M00728,2025-12-01,1,44,1
M00728,2026-01-01,2,54,1
M00728,2026-02-01,3,62,1
M00729,2025-05-01,0,60,1
M00729,2025-06-01,1,55,1
M00729,2025-07-01,2,49,1
M00729,2025-08-01,3,66,1
M00731,2025-03-01,0,59,1
M00731,2025-04-01,1,66,1
M00731,2025-05-01,2,51,1
M00731,2025-06-01,3,70,1
M00732,2025-09-01,0,518,1
M00732,2025-10-01,1,669,1
M00732,2025-11-01,2,559,1
M00732,2025-12-01,3,641,1
M00733,2025-11-01,0,195,1
M00733,2025-12-01,1,0,0
M00733,2026-01-01,2,0,0
M00733,2026-02-01,3,0,0
M00737,2025-11-01,0,43,1
M00737,2025-12-01,1,58,1
M00737,2026-01-01,2,65,1
M00737,2026-02-01,3,60,1
M00740,2025-01-01,0,142,1
M00740,2025-02-01,1,141,1
M00740,2025-03-01,2,104,1
M00740,2025-04-01,3,160,1
M00742,2025-10-01,0,141,1
M00742,2025-11-01,1,173,1
M00742,2025-12-01,2,172,1
M00742,2026-01-01,3,169,1
M00743,2025-11-01,0,436,1
M00743,2025-12-01,1,206,1
M00743,2026-01-01,2,643,1
M00743,2026-02-01,3,390,1
M00748,2025-02-01,0,23,1
M00748,2025-03-01,1,56,1
M00748,2025-04-01,2,39,1
M00748,2025-05-01,3,51,1
M00749,2025-08-01,0,39,1
M00749,2025-09-01,1,0,0
M00749,2025-10-01,2,0,0
M00749,2025-11-01,3,0,0
M00752,2025-01-01,0,470,1
M00752,2025-02-01,1,412,1
M00752,2025-03-01,2,505,1
M00752,2025-04-01,3,507,1
M00755,2025-09-01,0,118,1
M00755,2025-10-01,1,176,1
M00755,2025-11-01,2,165,1
M00755,2025-12-01,3,149,1
M00757,2025-09-01,0,58,1
M00757,2025-10-01,1,53,1
M00757,2025-11-01,2,43,1
M00757,2025-12-01,3,45,1
M00758,2026-01-01,0,40,1
M00758,2026-02-01,1,47,1
M00758,2026-03-01,2,60,1
M00758,2026-04-01,3,48,1
M00760,2025-10-01,0,53,1
M00760,2025-11-01,1,49,1
M00760,2025-12-01,2,36,1
M00760,2026-01-01,3,57,1
M00761,2025-12-01,0,43,1
M00761,2026-01-01,1,37,1
M00761,2026-02-01,2,54,1
M00761,2026-03-01,3,56,1
M00765,2025-11-01,0,57,1
M00765,2025-12-01,1,49,1
M00765,2026-01-01,2,61,1
M00765,2026-02-01,3,59,1
M00766,2025-12-01,0,55,1
M00766,2026-01-01,1,43,1
M00766,2026-02-01,2,41,1
M00766,2026-03-01,3,48,1
M00769,2025-01-01,0,156,1
M00769,2025-02-01,1,135,1
M00769,2025-03-01,2,113,1
M00769,2025-04-01,3,173,1
M00772,2025-06-01,0,157,1
M00772,2025-07-01,1,113,1
M00772,2025-08-01,2,186,1
M00772,2025-09-01,3,192,1
M00781,2025-11-01,0,108,1
M00781,2025-12-01,1,124,1
M00781,2026-01-01,2,205,1
M00781,2026-02-01,3,172,1
M00782,2025-07-01,0,112,1
M00782,2025-08-01,1,160,1
M00782,2025-09-01,2,107,1
M00782,2025-10-01,3,163,1
M00783,2025-07-01,0,46,1
M00783,2025-08-01,1,48,1
M00783,2025-09-01,2,53,1
M00783,2025-10-01,3,52,1
M00784,2025-11-01,0,48,1
M00784,2025-12-01,1,45,1
M00784,2026-01-01,2,47,1
M00784,2026-02-01,3,56,1
M00786,2025-10-01,0,43,1
M00786,2025-11-01,1,30,1
M00786,2025-12-01,2,57,1
M00786,2026-01-01,3,64,1
M00789,2025-04-01,0,119,1
M00789,2025-05-01,1,136,1
M00789,2025-06-01,2,193,1
M00789,2025-07-01,3,125,1
M00791,2025-12-01,0,131,1
M00791,2026-01-01,1,154,1
M00791,2026-02-01,2,180,1
M00791,2026-03-01,3,181,1
M00795,2025-09-01,0,432,1
M00795,2025-10-01,1,434,1
M00795,2025-11-01,2,524,1
M00795,2025-12-01,3,412,1
M00798,2025-04-01,0,38,1
M00798,2025-05-01,1,40,1
M00798,2025-06-01,2,53,1
M00798,2025-07-01,3,61,1
M00799,2025-06-01,0,35,1
M00799,2025-07-01,1,40,1
M00799,2025-08-01,2,66,1
M00799,2025-09-01,3,37,1
M00800,2025-08-01,0,152,1
M00800,2025-09-01,1,116,1
M00800,2025-10-01,2,182,1
M00800,2025-11-01,3,176,1
M00801,2025-08-01,0,52,1
M00801,2025-09-01,1,0,0
M00801,2025-10-01,2,0,0
M00801,2025-11-01,3,0,0
M00806,2025-12-01,0,47,1
M00806,2026-01-01,1,44,1
M00806,2026-02-01,2,56,1
M00806,2026-03-01,3,51,1
M00807,2025-09-01,0,48,1
M00807,2025-10-01,1,49,1
M00807,2025-11-01,2,34,1
M00807,2025-12-01,3,46,1
M00808,2025-09-01,0,60,1
M00808,2025-10-01,1,30,1
M00808,2025-11-01,2,53,1
M00808,2025-12-01,3,41,1
M00809,2025-11-01,0,324,1
M00809,2025-12-01,1,603,1
M00809,2026-01-01,2,325,1
M00809,2026-02-01,3,354,1
M00811,2025-03-01,0,463,1
M00811,2025-04-01,1,432,1
M00811,2025-05-01,2,451,1
M00811,2025-06-01,3,378,1
M00813,2025-12-01,0,47,1
M00813,2026-01-01,1,31,1
M00813,2026-02-01,2,45,1
M00813,2026-03-01,3,54,1
M00814,2025-02-01,0,58,1
M00814,2025-03-01,1,55,1
M00814,2025-04-01,2,46,1
M00814,2025-05-01,3,46,1
M00815,2025-03-01,0,375,1
M00815,2025-04-01,1,551,1
M00815,2025-05-01,2,528,1
M00815,2025-06-01,3,727,1
M00817,2025-12-01,0,405,1
M00817,2026-01-01,1,349,1
M00817,2026-02-01,2,312,1
M00817,2026-03-01,3,717,1
M00819,2025-11-01,0,39,1
M00819,2025-12-01,1,41,1
M00819,2026-01-01,2,62,1
M00819,2026-02-01,3,77,1
M00820,2025-10-01,0,138,1
M00820,2025-11-01,1,126,1
M00820,2025-12-01,2,104,1
M00820,2026-01-01,3,179,1
M00821,2025-01-01,0,169,1
M00821,2025-02-01,1,161,1
M00821,2025-03-01,2,181,1
M00821,2025-04-01,3,139,1
M00823,2025-04-01,0,179,1
M00823,2025-05-01,1,92,1
M00823,2025-06-01,2,108,1
M00823,2025-07-01,3,147,1
M00829,2025-09-01,0,140,1
M00829,2025-10-01,1,0,0
M00829,2025-11-01,2,0,0
M00829,2025-12-01,3,0,0
M00830,2025-06-01,0,20,1
M00830,2025-07-01,1,45,1
M00830,2025-08-01,2,56,1
M00830,2025-09-01,3,58,1
M00831,2025-11-01,0,33,1
M00831,2025-12-01,1,42,1
M00831,2026-01-01,2,48,1
M00831,2026-02-01,3,47,1
M00833,2026-01-01,0,383,1
M00833,2026-02-01,1,326,1
M00833,2026-03-01,2,467,1
M00833,2026-04-01,3,558,1
M00834,2025-05-01,0,144,1
M00834,2025-06-01,1,163,1
M00834,2025-07-01,2,164,1
M00834,2025-08-01,3,178,1
M00837,2025-08-01,0,114,1
M00837,2025-09-01,1,142,1
M00837,2025-10-01,2,213,1
M00837,2025-11-01,3,182,1
M00838,2025-03-01,0,45,1
M00838,2025-04-01,1,61,1
M00838,2025-05-01,2,31,1
M00838,2025-06-01,3,51,1
M00841,2026-02-01,0,27,1
M00841,2026-03-01,1,47,1
M00841,2026-04-01,2,45,1
M00841,2026-05-01,3,53,1
M00844,2025-04-01,0,159,1
M00844,2025-05-01,1,109,1
M00844,2025-06-01,2,147,1
M00844,2025-07-01,3,168,1
M00845,2025-06-01,0,377,1
M00845,2025-07-01,1,563,1
M00845,2025-08-01,2,492,1
M00845,2025-09-01,3,480,1
M00846,2025-04-01,0,39,1
M00846,2025-05-01,1,61,1
M00846,2025-06-01,2,56,1
M00846,2025-07-01,3,41,1
M00848,2025-06-01,0,134,1
M00848,2025-07-01,1,149,1
M00848,2025-08-01,2,135,1
M00848,2025-09-01,3,135,1
M00849,2025-01-01,0,54,1
M00849,2025-02-01,1,45,1
M00849,2025-03-01,2,54,1
M00849,2025-04-01,3,48,1
M00851,2026-01-01,0,408,1
M00851,2026-02-01,1,697,1
M00851,2026-03-01,2,464,1
M00851,2026-04-01,3,288,1
M00856,2025-09-01,0,49,1
M00856,2025-10-01,1,34,1
M00856,2025-11-01,2,32,1
M00856,2025-12-01,3,28,1
M00859,2025-07-01,0,37,1
M00859,2025-08-01,1,57,1
M00859,2025-09-01,2,51,1
M00859,2025-10-01,3,46,1
M00862,2025-02-01,0,157,1
M00862,2025-03-01,1,154,1
M00862,2025-04-01,2,166,1
M00862,2025-05-01,3,192,1
M00863,2025-07-01,0,241,1
M00863,2025-08-01,1,0,0
M00863,2025-09-01,2,0,0
M00863,2025-10-01,3,0,0
M00869,2025-01-01,0,146,1
M00869,2025-02-01,1,121,1
M00869,2025-03-01,2,192,1
M00869,2025-04-01,3,207,1
M00872,2025-07-01,0,115,1
M00872,2025-08-01,1,164,1
M00872,2025-09-01,2,156,1
M00872,2025-10-01,3,169,1
M00875,2025-01-01,0,115,1
M00875,2025-02-01,1,126,1
M00875,2025-03-01,2,116,1
M00875,2025-04-01,3,207,1
M00880,2025-05-01,0,61,1
M00880,2025-06-01,1,34,1
M00880,2025-07-01,2,44,1
M00880,2025-08-01,3,43,1
M00884,2025-07-01,0,35,1
M00884,2025-08-01,1,35,1
M00884,2025-09-01,2,39,1
M00884,2025-10-01,3,48,1
M00885,2025-09-01,0,153,1
M00885,2025-10-01,1,169,1
M00885,2025-11-01,2,190,1
M00885,2025-12-01,3,169,1
M00898,2025-02-01,0,159,1
M00898,2025-03-01,1,139,1
M00898,2025-04-01,2,183,1
M00898,2025-05-01,3,158,1
M00902,2025-03-01,0,55,1
M00902,2025-04-01,1,49,1
M00902,2025-05-01,2,39,1
M00902,2025-06-01,3,57,1
M00903,2025-04-01,0,69,1
M00903,2025-05-01,1,48,1
M00903,2025-06-01,2,58,1
M00903,2025-07-01,3,55,1
M00905,2025-09-01,0,16,1
M00905,2025-10-01,1,49,1
M00905,2025-11-01,2,63,1
M00905,2025-12-01,3,55,1
M00907,2025-08-01,0,43,1
M00907,2025-09-01,1,48,1
M00907,2025-10-01,2,41,1
M00907,2025-11-01,3,34,1
M00908,2025-12-01,0,76,1
M00908,2026-01-01,1,36,1
M00908,2026-02-01,2,41,1
M00908,2026-03-01,3,50,1
M00909,2025-09-01,0,45,1
M00909,2025-10-01,1,47,1
M00909,2025-11-01,2,0,0
M00909,2025-12-01,3,0,0
M00912,2025-03-01,0,183,1
M00912,2025-04-01,1,152,1
M00912,2025-05-01,2,0,0
M00912,2025-06-01,3,0,0
M00914,2025-09-01,0,19,1
M00914,2025-10-01,1,61,1
M00914,2025-11-01,2,44,1
M00914,2025-12-01,3,48,1
M00916,2025-11-01,0,44,1
M00916,2025-12-01,1,41,1
M00916,2026-01-01,2,21,1
M00916,2026-02-01,3,64,1
M00917,2025-02-01,0,114,1
M00917,2025-03-01,1,97,1
M00917,2025-04-01,2,135,1
M00917,2025-05-01,3,172,1
M00919,2025-05-01,0,37,1
M00919,2025-06-01,1,49,1
M00919,2025-07-01,2,66,1
M00919,2025-08-01,3,53,1
M00923,2025-06-01,0,138,1
M00923,2025-07-01,1,139,1
M00923,2025-08-01,2,186,1
M00923,2025-09-01,3,218,1
M00924,2025-02-01,0,225,1
M00924,2025-03-01,1,147,1
M00924,2025-04-01,2,226,1
M00924,2025-05-01,3,0,0
M00925,2025-04-01,0,50,1
M00925,2025-05-01,1,25,1
M00925,2025-06-01,2,57,1
M00925,2025-07-01,3,50,1
M00926,2025-06-01,0,151,1
M00926,2025-07-01,1,179,1
M00926,2025-08-01,2,157,1
M00926,2025-09-01,3,180,1
M00927,2025-03-01,0,118,1
M00927,2025-04-01,1,182,1
M00927,2025-05-01,2,166,1
M00927,2025-06-01,3,177,1
M00930,2025-06-01,0,198,1
M00930,2025-07-01,1,115,1
M00930,2025-08-01,2,111,1
M00930,2025-09-01,3,183,1
M00934,2026-01-01,0,57,1
M00934,2026-02-01,1,55,1
M00934,2026-03-01,2,58,1
M00934,2026-04-01,3,47,1
M00937,2025-07-01,0,21,1
M00937,2025-08-01,1,58,1
M00937,2025-09-01,2,67,1
M00937,2025-10-01,3,60,1
M00941,2025-04-01,0,407,1
M00941,2025-05-01,1,357,1
M00941,2025-06-01,2,338,1
M00941,2025-07-01,3,344,1
M00942,2025-12-01,0,25,1
M00942,2026-01-01,1,54,1
M00942,2026-02-01,2,54,1
M00942,2026-03-01,3,52,1
M00945,2025-09-01,0,401,1
M00945,2025-10-01,1,290,1
M00945,2025-11-01,2,0,0
M00945,2025-12-01,3,0,0
M00947,2025-05-01,0,144,1
M00947,2025-06-01,1,166,1
M00947,2025-07-01,2,110,1
M00947,2025-08-01,3,226,1
M00950,2025-05-01,0,105,1
M00950,2025-06-01,1,95,1
M00950,2025-07-01,2,182,1
M00950,2025-08-01,3,154,1
M00953,2025-01-01,0,195,1
M00953,2025-02-01,1,159,1
M00953,2025-03-01,2,194,1
M00953,2025-04-01,3,212,1
M00955,2025-10-01,0,132,1
M00955,2025-11-01,1,201,1
M00955,2025-12-01,2,179,1
M00955,2026-01-01,3,176,1
M00962,2025-05-01,0,41,1
M00962,2025-06-01,1,47,1
M00962,2025-07-01,2,55,1
M00962,2025-08-01,3,67,1
M00964,2025-09-01,0,39,1
M00964,2025-10-01,1,46,1
M00964,2025-11-01,2,65,1
M00964,2025-12-01,3,67,1
M00966,2025-09-01,0,135,1
M00966,2025-10-01,1,156,1
M00966,2025-11-01,2,108,1
M00966,2025-12-01,3,198,1
M00967,2025-04-01,0,44,1
M00967,2025-05-01,1,54,1
M00967,2025-06-01,2,57,1
M00967,2025-07-01,3,56,1
M00968,2025-12-01,0,174,1
M00968,2026-01-01,1,111,1
M00968,2026-02-01,2,177,1
M00968,2026-03-01,3,173,1
M00969,2025-12-01,0,37,1
M00969,2026-01-01,1,57,1
M00969,2026-02-01,2,50,1
M00969,2026-03-01,3,52,1
M00971,2025-02-01,0,227,1
M00971,2025-03-01,1,404,1
M00971,2025-04-01,2,370,1
M00971,2025-05-01,3,570,1
M00972,2025-06-01,0,45,1
M00972,2025-07-01,1,53,1
M00972,2025-08-01,2,60,1
M00972,2025-09-01,3,53,1
M00974,2025-02-01,0,61,1
M00974,2025-03-01,1,43,1
M00974,2025-04-01,2,41,1
M00974,2025-05-01,3,58,1
M00977,2025-06-01,0,171,1
M00977,2025-07-01,1,170,1
M00977,2025-08-01,2,104,1
M00977,2025-09-01,3,129,1
M00978,2025-08-01,0,133,1
M00978,2025-09-01,1,149,1
M00978,2025-10-01,2,205,1
M00978,2025-11-01,3,130,1
M00979,2025-08-01,0,30,1
M00979,2025-09-01,1,43,1
M00979,2025-10-01,2,59,1
M00979,2025-11-01,3,32,1
M00982,2025-04-01,0,169,1
M00982,2025-05-01,1,148,1
M00982,2025-06-01,2,138,1
M00982,2025-07-01,3,186,1
M00983,2025-10-01,0,63,1
M00983,2025-11-01,1,35,1
M00983,2025-12-01,2,44,1
M00983,2026-01-01,3,68,1
M00984,2025-12-01,0,89,1
M00984,2026-01-01,1,109,1
M00984,2026-02-01,2,144,1
M00984,2026-03-01,3,212,1
M00985,2025-06-01,0,158,1
M00985,2025-07-01,1,144,1
M00985,2025-08-01,2,147,1
M00985,2025-09-01,3,152,1
M00986,2025-12-01,0,126,1
M00986,2026-01-01,1,137,1
M00986,2026-02-01,2,0,0
M00986,2026-03-01,3,0,0
M00987,2025-12-01,0,40,1
M00987,2026-01-01,1,42,1
M00987,2026-02-01,2,35,1
M00987,2026-03-01,3,69,1
M00988,2025-05-01,0,394,1
M00988,2025-06-01,1,397,1
M00988,2025-07-01,2,284,1
M00988,2025-08-01,3,532,1
M00989,2025-10-01,0,58,1
M00989,2025-11-01,1,43,1
M00989,2025-12-01,2,64,1
M00989,2026-01-01,3,64,1
M00990,2025-01-01,0,375,1
M00990,2025-02-01,1,575,1
M00990,2025-03-01,2,521,1
M00990,2025-04-01,3,485,1
M00993,2025-12-01,0,43,1
M00993,2026-01-01,1,42,1
M00993,2026-02-01,2,46,1
M00993,2026-03-01,3,70,1
M01002,2025-09-01,0,120,1
M01002,2025-10-01,1,59,1
M01002,2025-11-01,2,163,1
M01002,2025-12-01,3,167,1
M01006,2025-05-01,0,151,1
M01006,2025-06-01,1,143,1
M01006,2025-07-01,2,189,1
M01006,2025-08-01,3,123,1
M01008,2025-06-01,0,95,1
M01008,2025-07-01,1,121,1
M01008,2025-08-01,2,179,1
M01008,2025-09-01,3,156,1
M01009,2025-03-01,0,120,1
M01009,2025-04-01,1,0,0
M01009,2025-05-01,2,0,0
M01009,2025-06-01,3,0,0
M01011,2025-11-01,0,48,1
M01011,2025-12-01,1,41,1
M01011,2026-01-01,2,48,1
M01011,2026-02-01,3,63,1
M01013,2025-06-01,0,44,1
M01013,2025-07-01,1,40,1
M01013,2025-08-01,2,45,1
M01013,2025-09-01,3,48,1
M01017,2026-01-01,0,179,1
M01017,2026-02-01,1,0,0
M01017,2026-03-01,2,0,0
M01017,2026-04-01,3,0,0
M01018,2025-09-01,0,34,1
M01018,2025-10-01,1,37,1
M01018,2025-11-01,2,52,1
M01018,2025-12-01,3,42,1
M01020,2025-06-01,0,41,1
M01020,2025-07-01,1,48,1
M01020,2025-08-01,2,52,1
M01020,2025-09-01,3,52,1
M01021,2025-08-01,0,144,1
M01021,2025-09-01,1,126,1
M01021,2025-10-01,2,158,1
M01021,2025-11-01,3,239,1
M01022,2025-09-01,0,70,1
M01022,2025-10-01,1,143,1
M01022,2025-11-01,2,177,1
M01022,2025-12-01,3,126,1
M01024,2025-06-01,0,459,1
M01024,2025-07-01,1,408,1
M01024,2025-08-01,2,426,1
M01024,2025-09-01,3,575,1
M01025,2025-02-01,0,124,1
M01025,2025-03-01,1,163,1
M01025,2025-04-01,2,176,1
M01025,2025-05-01,3,173,1
M01026,2025-06-01,0,147,1
M01026,2025-07-01,1,115,1
M01026,2025-08-01,2,148,1
M01026,2025-09-01,3,235,1
M01027,2025-10-01,0,126,1
M01027,2025-11-01,1,202,1
M01027,2025-12-01,2,127,1
M01027,2026-01-01,3,171,1
M01028,2025-04-01,0,46,1
M01028,2025-05-01,1,45,1
M01028,2025-06-01,2,53,1
M01028,2025-07-01,3,49,1
M01029,2025-07-01,0,419,1
M01029,2025-08-01,1,222,1
M01029,2025-09-01,2,499,1
M01029,2025-10-01,3,556,1
M01031,2025-10-01,0,46,1
M01031,2025-11-01,1,53,1
M01031,2025-12-01,2,48,1
M01031,2026-01-01,3,62,1
M01041,2025-08-01,0,59,1
M01041,2025-09-01,1,29,1
M01041,2025-10-01,2,46,1
M01041,2025-11-01,3,56,1
M01045,2025-08-01,0,147,1
M01045,2025-09-01,1,0,0
M01045,2025-10-01,2,0,0
M01045,2025-11-01,3,0,0
M01046,2025-12-01,0,50,1
M01046,2026-01-01,1,44,1
M01046,2026-02-01,2,29,1
M01046,2026-03-01,3,61,1
M01047,2025-07-01,0,543,1
M01047,2025-08-01,1,512,1
M01047,2025-09-01,2,705,1
M01047,2025-10-01,3,560,1
M01048,2025-03-01,0,67,1
M01048,2025-04-01,1,45,1
M01048,2025-05-01,2,0,0
M01048,2025-06-01,3,0,0
M01049,2025-11-01,0,160,1
M01049,2025-12-01,1,131,1
M01049,2026-01-01,2,221,1
M01049,2026-02-01,3,138,1
M01051,2025-01-01,0,112,1
M01051,2025-02-01,1,61,1
M01051,2025-03-01,2,147,1
M01051,2025-04-01,3,211,1
M01052,2025-05-01,0,47,1
M01052,2025-06-01,1,54,1
M01052,2025-07-01,2,42,1
M01052,2025-08-01,3,54,1
M01054,2025-11-01,0,132,1
M01054,2025-12-01,1,158,1
M01054,2026-01-01,2,179,1
M01054,2026-02-01,3,207,1
M01060,2025-03-01,0,161,1
M01060,2025-04-01,1,79,1
M01060,2025-05-01,2,186,1
M01060,2025-06-01,3,132,1
M01061,2025-10-01,0,34,1
M01061,2025-11-01,1,45,1
M01061,2025-12-01,2,56,1
M01061,2026-01-01,3,49,1
M01062,2025-05-01,0,36,1
M01062,2025-06-01,1,32,1
M01062,2025-07-01,2,54,1
M01062,2025-08-01,3,64,1
M01063,2025-08-01,0,60,1
M01063,2025-09-01,1,52,1
M01063,2025-10-01,2,58,1
M01063,2025-11-01,3,46,1
M01064,2025-11-01,0,176,1
M01064,2025-12-01,1,127,1
M01064,2026-01-01,2,158,1
M01064,2026-02-01,3,156,1
M01066,2025-10-01,0,40,1
M01066,2025-11-01,1,56,1
M01066,2025-12-01,2,45,1
M01066,2026-01-01,3,51,1
M01068,2025-07-01,0,71,1
M01068,2025-08-01,1,51,1
M01068,2025-09-01,2,34,1
M01068,2025-10-01,3,53,1
M01070,2025-01-01,0,74,1
M01070,2025-02-01,1,149,1
M01070,2025-03-01,2,95,1
M01070,2025-04-01,3,0,0
M01071,2025-03-01,0,120,1
M01071,2025-04-01,1,98,1
M01071,2025-05-01,2,133,1
M01071,2025-06-01,3,0,0
M01072,2025-12-01,0,46,1
M01072,2026-01-01,1,44,1
M01072,2026-02-01,2,40,1
M01072,2026-03-01,3,64,1
M01073,2025-10-01,0,45,1
M01073,2025-11-01,1,71,1
M01073,2025-12-01,2,53,1
M01073,2026-01-01,3,59,1
M01076,2025-08-01,0,531,1
M01076,2025-09-01,1,357,1
M01076,2025-10-01,2,269,1
M01076,2025-11-01,3,657,1
M01077,2025-01-01,0,139,1
M01077,2025-02-01,1,0,0
M01077,2025-03-01,2,0,0
M01077,2025-04-01,3,0,0
M01080,2025-04-01,0,33,1
M01080,2025-05-01,1,53,1
M01080,2025-06-01,2,72,1
M01080,2025-07-01,3,54,1
M01082,2025-08-01,0,169,1
M01082,2025-09-01,1,139,1
M01082,2025-10-01,2,123,1
M01082,2025-11-01,3,191,1
M01085,2025-05-01,0,165,1
M01085,2025-06-01,1,115,1
M01085,2025-07-01,2,172,1
M01085,2025-08-01,3,137,1
M01086,2026-01-01,0,32,1
M01086,2026-02-01,1,49,1
M01086,2026-03-01,2,49,1
M01086,2026-04-01,3,65,1
M01087,2025-06-01,0,26,1
M01087,2025-07-01,1,57,1
M01087,2025-08-01,2,61,1
M01087,2025-09-01,3,51,1
M01089,2025-04-01,0,46,1
M01089,2025-05-01,1,40,1
M01089,2025-06-01,2,61,1
M01089,2025-07-01,3,60,1
M01090,2025-07-01,0,42,1
M01090,2025-08-01,1,60,1
M01090,2025-09-01,2,41,1
M01090,2025-10-01,3,64,1
M01091,2025-01-01,0,57,1
M01091,2025-02-01,1,64,1
M01091,2025-03-01,2,49,1
M01091,2025-04-01,3,51,1
M01096,2025-08-01,0,393,1
M01096,2025-09-01,1,238,1
M01096,2025-10-01,2,716,1
M01096,2025-11-01,3,605,1
M01098,2025-09-01,0,6,1
M01098,2025-10-01,1,39,1
M01098,2025-11-01,2,57,1
M01098,2025-12-01,3,45,1
M01099,2025-03-01,0,47,1
M01099,2025-04-01,1,51,1
M01099,2025-05-01,2,48,1
M01099,2025-06-01,3,56,1
M01100,2025-03-01,0,48,1
M01100,2025-04-01,1,47,1
M01100,2025-05-01,2,31,1
M01100,2025-06-01,3,67,1
M01102,2025-06-01,0,40,1
M01102,2025-07-01,1,52,1
M01102,2025-08-01,2,0,0
M01102,2025-09-01,3,0,0
M01104,2025-05-01,0,45,1
M01104,2025-06-01,1,45,1
M01104,2025-07-01,2,54,1
M01104,2025-08-01,3,61,1
M01107,2025-09-01,0,109,1
M01107,2025-10-01,1,144,1
M01107,2025-11-01,2,158,1
M01107,2025-12-01,3,186,1
M01109,2025-10-01,0,120,1
M01109,2025-11-01,1,162,1
M01109,2025-12-01,2,194,1
M01109,2026-01-01,3,176,1
M01110,2025-10-01,0,36,1
M01110,2025-11-01,1,41,1
M01110,2025-12-01,2,50,1
M01110,2026-01-01,3,64,1
M01111,2025-10-01,0,165,1
M01111,2025-11-01,1,132,1
M01111,2025-12-01,2,155,1
M01111,2026-01-01,3,217,1
M01112,2025-08-01,0,123,1
M01112,2025-09-01,1,131,1
M01112,2025-10-01,2,116,1
M01112,2025-11-01,3,202,1
M01115,2025-02-01,0,41,1
M01115,2025-03-01,1,38,1
M01115,2025-04-01,2,57,1
M01115,2025-05-01,3,45,1
M01116,2025-11-01,0,155,1
M01116,2025-12-01,1,118,1
M01116,2026-01-01,2,164,1
M01116,2026-02-01,3,189,1
M01120,2025-06-01,0,40,1
M01120,2025-07-01,1,34,1
M01120,2025-08-01,2,50,1
M01120,2025-09-01,3,53,1
M01122,2025-10-01,0,141,1
M01122,2025-11-01,1,116,1
M01122,2025-12-01,2,165,1
M01122,2026-01-01,3,97,1
M01125,2025-12-01,0,154,1
M01125,2026-01-01,1,142,1
M01125,2026-02-01,2,209,1
M01125,2026-03-01,3,146,1
M01126,2025-11-01,0,84,1
M01126,2025-12-01,1,190,1
M01126,2026-01-01,2,197,1
M01126,2026-02-01,3,160,1
M01127,2025-12-01,0,159,1
M01127,2026-01-01,1,135,1
M01127,2026-02-01,2,220,1
M01127,2026-03-01,3,172,1
M01132,2025-07-01,0,105,1
M01132,2025-08-01,1,165,1
M01132,2025-09-01,2,204,1
M01132,2025-10-01,3,155,1
M01135,2025-08-01,0,118,1
M01135,2025-09-01,1,155,1
M01135,2025-10-01,2,168,1
M01135,2025-11-01,3,264,1
M01136,2026-01-01,0,120,1
M01136,2026-02-01,1,165,1
M01136,2026-03-01,2,139,1
M01136,2026-04-01,3,229,1
M01137,2025-03-01,0,54,1
M01137,2025-04-01,1,36,1
M01137,2025-05-01,2,50,1
M01137,2025-06-01,3,59,1
M01138,2025-04-01,0,201,1
M01138,2025-05-01,1,158,1
M01138,2025-06-01,2,81,1
M01138,2025-07-01,3,175,1
M01139,2025-08-01,0,38,1
M01139,2025-09-01,1,39,1
M01139,2025-10-01,2,73,1
M01139,2025-11-01,3,43,1
M01140,2025-12-01,0,48,1
M01140,2026-01-01,1,39,1
M01140,2026-02-01,2,35,1
M01140,2026-03-01,3,64,1
M01141,2025-06-01,0,33,1
M01141,2025-07-01,1,44,1
M01141,2025-08-01,2,59,1
M01141,2025-09-01,3,37,1
M01142,2025-04-01,0,181,1
M01142,2025-05-01,1,169,1
M01142,2025-06-01,2,188,1
M01142,2025-07-01,3,102,1
M01143,2025-11-01,0,92,1
M01143,2025-12-01,1,130,1
M01143,2026-01-01,2,98,1
M01143,2026-02-01,3,174,1
M01149,2025-01-01,0,119,1
M01149,2025-02-01,1,175,1
M01149,2025-03-01,2,0,0
M01149,2025-04-01,3,0,0
M01150,2025-12-01,0,53,1
M01150,2026-01-01,1,53,1
M01150,2026-02-01,2,48,1
M01150,2026-03-01,3,66,1
M01151,2025-02-01,0,63,1
M01151,2025-03-01,1,61,1
M01151,2025-04-01,2,47,1
M01151,2025-05-01,3,55,1
M01152,2025-06-01,0,75,1
M01152,2025-07-01,1,175,1
M01152,2025-08-01,2,208,1
M01152,2025-09-01,3,145,1
M01153,2025-02-01,0,39,1
M01153,2025-03-01,1,30,1
M01153,2025-04-01,2,52,1
M01153,2025-05-01,3,43,1
M01155,2025-11-01,0,46,1
M01155,2025-12-01,1,45,1
M01155,2026-01-01,2,43,1
M01155,2026-02-01,3,30,1
M01156,2025-09-01,0,52,1
M01156,2025-10-01,1,50,1
M01156,2025-11-01,2,61,1
M01156,2025-12-01,3,68,1
M01157,2025-07-01,0,53,1
M01157,2025-08-01,1,38,1
M01157,2025-09-01,2,23,1
M01157,2025-10-01,3,40,1
M01158,2025-05-01,0,35,1
M01158,2025-06-01,1,34,1
M01158,2025-07-01,2,36,1
M01158,2025-08-01,3,34,1
M01161,2025-08-01,0,29,1
M01161,2025-09-01,1,43,1
M01161,2025-10-01,2,58,1
M01161,2025-11-01,3,40,1
M01162,2025-02-01,0,30,1
M01162,2025-03-01,1,61,1
M01162,2025-04-01,2,51,1
M01162,2025-05-01,3,56,1
M01163,2025-12-01,0,53,1
M01163,2026-01-01,1,42,1
M01163,2026-02-01,2,46,1
M01163,2026-03-01,3,54,1
M01168,2025-11-01,0,35,1
M01168,2025-12-01,1,32,1
M01168,2026-01-01,2,48,1
M01168,2026-02-01,3,33,1
M01170,2025-07-01,0,125,1
M01170,2025-08-01,1,197,1
M01170,2025-09-01,2,133,1
M01170,2025-10-01,3,192,1
M01172,2025-05-01,0,71,1
M01172,2025-06-01,1,167,1
M01172,2025-07-01,2,161,1
M01172,2025-08-01,3,151,1
M01173,2025-01-01,0,23,1
M01173,2025-02-01,1,39,1
M01173,2025-03-01,2,60,1
M01173,2025-04-01,3,63,1
M01174,2025-06-01,0,36,1
M01174,2025-07-01,1,21,1
M01174,2025-08-01,2,48,1
M01174,2025-09-01,3,38,1
M01176,2025-10-01,0,147,1
M01176,2025-11-01,1,142,1
M01176,2025-12-01,2,155,1
M01176,2026-01-01,3,157,1
M01177,2025-10-01,0,32,1
M01177,2025-11-01,1,36,1
M01177,2025-12-01,2,36,1
M01177,2026-01-01,3,40,1
M01178,2025-03-01,0,51,1
M01178,2025-04-01,1,46,1
M01178,2025-05-01,2,39,1
M01178,2025-06-01,3,57,1
M01181,2025-05-01,0,267,1
M01181,2025-06-01,1,531,1
M01181,2025-07-01,2,317,1
M01181,2025-08-01,3,595,1
M01185,2025-11-01,0,430,1
M01185,2025-12-01,1,567,1
M01185,2026-01-01,2,542,1
M01185,2026-02-01,3,562,1
M01186,2025-12-01,0,54,1
M01186,2026-01-01,1,65,1
M01186,2026-02-01,2,55,1
M01186,2026-03-01,3,36,1
M01188,2025-07-01,0,45,1
M01188,2025-08-01,1,50,1
M01188,2025-09-01,2,65,1
M01188,2025-10-01,3,53,1
M01189,2025-12-01,0,32,1
M01189,2026-01-01,1,37,1
M01189,2026-02-01,2,43,1
M01189,2026-03-01,3,46,1
M01192,2025-08-01,0,141,1
M01192,2025-09-01,1,59,1
M01192,2025-10-01,2,128,1
M01192,2025-11-01,3,199,1
M01193,2025-03-01,0,35,1
M01193,2025-04-01,1,58,1
M01193,2025-05-01,2,42,1
M01193,2025-06-01,3,59,1
M01199,2025-10-01,0,42,1
M01199,2025-11-01,1,39,1
M01199,2025-12-01,2,68,1
M01199,2026-01-01,3,67,1
