activation_cohort,retention_day,retained_merchants,cohort_merchants,retained_pct
2025-01,30,35,38,92.1
2025-01,60,31,38,81.6
2025-01,90,30,38,78.9
2025-02,30,28,28,100.0
2025-02,60,28,28,100.0
2025-02,90,26,28,92.9
2025-03,30,53,56,94.6
2025-03,60,50,56,89.3
2025-03,90,48,56,85.7
2025-04,30,46,47,97.9
2025-04,60,45,47,95.7
2025-04,90,43,47,91.5
2025-05,30,47,47,100.0
2025-05,60,42,47,89.4
2025-05,90,41,47,87.2
2025-06,30,49,51,96.1
2025-06,60,47,51,92.2
2025-06,90,46,51,90.2
2025-07,30,41,43,95.3
2025-07,60,41,43,95.3
2025-07,90,39,43,90.7
2025-08,30,35,38,92.1
2025-08,60,35,38,92.1
2025-08,90,33,38,86.8
2025-09,30,49,53,92.5
2025-09,60,46,53,86.8
2025-09,90,45,53,84.9
2025-10,30,43,43,100.0
2025-10,60,42,43,97.7
2025-10,90,40,43,93.0
2025-11,30,50,53,94.3
2025-11,60,49,53,92.5
2025-11,90,46,53,86.8
2025-12,30,45,47,95.7
2025-12,60,44,47,93.6
2025-12,90,43,47,91.5
2026-01,30,16,17,94.1
2026-01,60,16,17,94.1
2026-01,90,16,17,94.1
2026-02,30,1,1,100.0
2026-02,60,1,1,100.0
2026-02,90,1,1,100.0
