merchant_id,lead_date,segment,channel,business_type,country,onboarding_stage,activation_date,monthly_orders,churn_flag
M00001,2025-03-20,Micro,Paid Search,E-commerce,Hong Kong,Activated,2025-03-27,81,0
M00002,2025-09-28,Micro,Paid Search,Retail,Hong Kong,Qualified,,0,0
M00003,2025-06-28,Micro,Partner,E-commerce,Hong Kong,Lead,,0,0
M00004,2025-03-28,Micro,Partner,Retail,Hong Kong,Qualified,,0,0
M00005,2025-12-20,SME,Paid Search,Retail,Hong Kong,Lead,,0,0
M00006,2025-07-30,Enterprise,Paid Search,E-commerce,Hong Kong,Lead,,0,0
M00007,2025-03-29,Micro,Direct,E-commerce,Hong Kong,Activated,2025-05-06,34,0
M00008,2025-06-06,Enterprise,Direct,Retail,Hong Kong,Activated,2025-06-20,252,0
M00009,2025-01-01,Enterprise,Partner,Food & Beverage,Hong Kong,Activated,2025-01-15,754,0
M00010,2025-01-07,Micro,Partner,Retail,Hong Kong,Activated,2025-01-18,40,0
M00011,2025-04-07,SME,Direct,E-commerce,Hong Kong,Lead,,0,0
M00012,2025-03-16,SME,Direct,E-commerce,Hong Kong,Lead,,0,0
M00013,2025-12-11,Micro,Partner,Retail,Hong Kong,Activated,2025-12-22,43,0
M00014,2025-12-24,Micro,Referral,Retail,Hong Kong,Activated,2026-01-13,25,0
M00015,2025-02-25,Micro,Direct,Retail,Hong Kong,Lead,,0,0
M00016,2025-09-19,Micro,Paid Search,E-commerce,Hong Kong,Lead,,0,0
M00017,2025-11-25,Enterprise,Partner,Retail,Hong Kong,Lead,,0,0
M00018,2025-03-07,SME,Direct,Food & Beverage,Hong Kong,Activated,2025-03-27,114,0
M00019,2025-11-23,SME,Partner,E-commerce,United Kingdom,Activated,2025-12-10,162,0
M00020,2025-05-23,Micro,Partner,Professional Services,Hong Kong,Activated,2025-05-30,31,0
M00021,2025-08-16,Enterprise,Paid Search,Professional Services,Hong Kong,Activated,2025-09-04,307,0
M00022,2025-12-18,Micro,Referral,Food & Beverage,Hong Kong,Qualified,,0,0
M00023,2025-01-14,SME,Direct,Professional Services,Singapore,Activated,2025-01-29,181,0
M00024,2025-01-03,Micro,Partner,Retail,Australia,Lead,,0,0
M00025,2025-03-25,SME,Referral,Food & Beverage,Hong Kong,Activated,2025-04-03,99,0
M00026,2025-10-06,SME,Partner,Retail,Hong Kong,Lead,,0,0
M00027,2025-03-28,Micro,Partner,E-commerce,Hong Kong,Activated,2025-04-13,50,0
M00028,2025-01-28,SME,Direct,Professional Services,Singapore,Lead,,0,0
M00029,2025-06-30,Micro,Partner,Food & Beverage,Hong Kong,Activated,2025-07-14,24,0
M00030,2025-12-17,Micro,Referral,Retail,Hong Kong,Qualified,,0,0
M00031,2025-08-26,Micro,Paid Search,Retail,Hong Kong,Qualified,,0,0
M00032,2025-06-27,Enterprise,Direct,Professional Services,Hong Kong,Approved,,0,0
M00033,2025-11-05,Micro,Direct,Professional Services,Hong Kong,Lead,,0,0
M00034,2025-12-11,SME,Direct,Food & Beverage,Hong Kong,Activated,2025-12-27,140,0
M00035,2025-06-12,SME,Direct,Retail,Hong Kong,Activated,2025-06-29,116,0
M00036,2025-12-21,Micro,Paid Search,Retail,Hong Kong,Lead,,0,0
M00037,2025-02-05,Enterprise,Paid Search,Retail,Hong Kong,Lead,,0,0
M00038,2025-07-16,SME,Paid Search,E-commerce,Hong Kong,Lead,,0,0
M00039,2025-12-30,SME,Direct,Retail,Australia,Activated,2026-01-13,173,0
M00040,2025-03-20,Micro,Paid Search,Retail,United Kingdom,Activated,2025-04-24,37,0
M00041,2025-01-28,Micro,Direct,E-commerce,Hong Kong,Approved,,0,0
M00042,2025-01-15,Micro,Direct,Retail,Singapore,Lead,,0,0
M00043,2025-07-26,SME,Referral,Professional Services,Hong Kong,Activated,2025-08-07,44,0
M00044,2025-07-28,Micro,Direct,Food & Beverage,Hong Kong,Qualified,,0,0
M00045,2025-01-01,SME,Partner,Professional Services,Hong Kong,Activated,2025-01-09,216,1
M00046,2025-01-10,Micro,Referral,Retail,Hong Kong,Qualified,,0,0
M00047,2025-05-01,Enterprise,Partner,Food & Beverage,Hong Kong,Activated,2025-05-17,451,0
M00048,2025-10-08,SME,Paid Search,Food & Beverage,Hong Kong,Qualified,,0,0
M00049,2025-03-12,SME,Partner,Food & Beverage,Australia,Qualified,,0,0
M00050,2025-11-22,SME,Referral,E-commerce,Hong Kong,Activated,2025-12-02,158,0
M00051,2025-02-11,SME,Paid Search,E-commerce,Singapore,Lead,,0,0
M00052,2025-10-28,SME,Paid Search,Retail,Singapore,Lead,,0,0
M00053,2025-08-17,Micro,Paid Search,Retail,Hong Kong,Lead,,0,0
M00054,2025-12-05,Micro,Referral,Retail,Hong Kong,Qualified,,0,0
M00055,2025-10-14,SME,Partner,Retail,Hong Kong,Lead,,0,0
M00056,2025-09-30,Micro,Referral,Retail,Hong Kong,Approved,,0,0
M00057,2025-06-21,SME,Paid Search,E-commerce,United Kingdom,Lead,,0,0
M00058,2025-06-25,Micro,Paid Search,Professional Services,Hong Kong,Qualified,,0,0
M00059,2025-09-29,Enterprise,Paid Search,Retail,Hong Kong,Lead,,0,0
M00060,2025-05-09,SME,Direct,Retail,Hong Kong,Activated,2025-05-16,111,0
M00061,2025-02-24,Micro,Direct,E-commerce,Hong Kong,Activated,2025-03-17,46,0
M00062,2025-08-15,SME,Referral,E-commerce,Hong Kong,Approved,,0,0
M00063,2025-07-25,SME,Paid Search,Professional Services,Hong Kong,Lead,,0,0
M00064,2025-02-10,SME,Referral,E-commerce,Hong Kong,Qualified,,0,0
M00065,2025-06-29,SME,Partner,Professional Services,Hong Kong,Approved,,0,0
M00066,2025-02-18,SME,Referral,E-commerce,Hong Kong,Activated,2025-03-01,172,0
M00067,2025-05-31,SME,Direct,Food & Beverage,United Kingdom,Qualified,,0,0
M00068,2025-05-06,SME,Referral,E-commerce,Hong Kong,Activated,2025-06-09,90,0
M00069,2025-02-22,Enterprise,Direct,Retail,Hong Kong,Lead,,0,0
M00070,2025-10-29,Micro,Direct,Professional Services,United Kingdom,Activated,2025-11-13,69,0
M00071,2025-11-15,SME,Partner,Retail,Hong Kong,Activated,2025-11-24,155,0
M00072,2025-06-26,SME,Direct,E-commerce,Hong Kong,Approved,,0,0
M00073,2025-07-26,SME,Partner,Food & Beverage,Hong Kong,Activated,2025-08-03,100,0
M00074,2025-09-29,SME,Partner,Professional Services,Hong Kong,Activated,2025-10-09,248,1
M00075,2025-12-02,Micro,Direct,Retail,Hong Kong,Activated,2025-12-21,56,0
M00076,2025-06-08,Micro,Partner,Professional Services,Hong Kong,Activated,2025-06-19,64,0
M00077,2025-06-21,Micro,Direct,Food & Beverage,Hong Kong,Activated,2025-06-30,42,1
M00078,2025-01-07,Micro,Paid Search,Professional Services,Hong Kong,Activated,2025-01-17,38,0
M00079,2025-07-07,Micro,Paid Search,Retail,Hong Kong,Qualified,,0,0
M00080,2025-10-31,SME,Paid Search,Professional Services,Hong Kong,Lead,,0,0
M00081,2025-05-19,SME,Paid Search,Retail,Hong Kong,Lead,,0,0
M00082,2025-12-29,SME,Paid Search,Food & Beverage,Hong Kong,Qualified,,0,0
M00083,2025-08-21,Micro,Partner,E-commerce,Australia,Qualified,,0,0
M00084,2025-07-26,Micro,Paid Search,E-commerce,Hong Kong,Lead,,0,0
M00085,2025-03-10,SME,Direct,Retail,United Kingdom,Lead,,0,0
M00086,2025-08-04,Micro,Referral,E-commerce,Singapore,Qualified,,0,0
M00087,2025-03-31,Micro,Partner,Food & Beverage,Australia,Activated,2025-04-15,58,0
M00088,2025-03-15,SME,Partner,Retail,Australia,Activated,2025-04-02,145,0
M00089,2025-12-21,SME,Partner,Food & Beverage,Hong Kong,Qualified,,0,0
M00090,2025-08-21,SME,Direct,E-commerce,Singapore,Activated,2025-08-31,38,0
M00091,2025-04-05,SME,Referral,E-commerce,Hong Kong,Approved,,0,0
M00092,2025-10-04,Micro,Referral,Professional Services,Hong Kong,Qualified,,0,0
M00093,2025-12-20,Micro,Partner,Food & Beverage,Australia,Activated,2026-01-02,49,0
M00094,2025-09-07,SME,Direct,Food & Beverage,Hong Kong,Qualified,,0,0
M00095,2025-10-17,SME,Direct,Professional Services,Hong Kong,Lead,,0,0
M00096,2025-12-13,Micro,Partner,Professional Services,Hong Kong,Lead,,0,0
M00097,2025-05-23,Micro,Paid Search,E-commerce,Hong Kong,Activated,2025-06-10,51,0
M00098,2025-06-08,SME,Referral,E-commerce,Hong Kong,Activated,2025-06-22,163,0
M00099,2025-10-21,Micro,Partner,E-commerce,United Kingdom,Qualified,,0,0
M00100,2025-05-25,Micro,Partner,Retail,Hong Kong,Qualified,,0,0
M00101,2025-05-09,SME,Partner,Professional Services,Singapore,Activated,2025-05-25,182,0
M00102,2025-01-22,SME,Direct,Retail,Hong Kong,Lead,,0,0
M00103,2025-06-25,Enterprise,Referral,Food & Beverage,Hong Kong,Activated,2025-07-15,308,1
M00104,2025-03-10,Enterprise,Paid Search,E-commerce,Hong Kong,Activated,2025-03-19,585,0
M00105,2025-06-01,SME,Referral,Retail,Hong Kong,Qualified,,0,0
M00106,2025-01-07,SME,Partner,Retail,Australia,Activated,2025-02-03,126,0
M00107,2025-04-04,SME,Paid Search,E-commerce,Hong Kong,Qualified,,0,0
M00108,2025-03-14,Micro,Referral,Retail,Hong Kong,Activated,2025-03-31,51,0
M00109,2025-12-18,Micro,Paid Search,Food & Beverage,United Kingdom,Lead,,0,0
M00110,2025-06-22,Micro,Direct,E-commerce,Hong Kong,Lead,,0,0
M00111,2025-03-15,Micro,Paid Search,Retail,Hong Kong,Activated,2025-03-27,33,0
M00112,2025-07-05,Micro,Referral,Professional Services,Hong Kong,Qualified,,0,0
M00113,2025-11-06,Micro,Paid Search,Retail,Australia,Qualified,,0,0
M00114,2025-08-24,SME,Referral,Retail,Hong Kong,Activated,2025-09-15,216,0
M00115,2025-12-09,Micro,Paid Search,Professional Services,Hong Kong,Lead,,0,0
M00116,2025-08-03,Micro,Direct,Retail,United Kingdom,Activated,2025-08-20,28,0
M00117,2025-01-12,Micro,Direct,Retail,Hong Kong,Qualified,,0,0
M00118,2025-04-25,Micro,Partner,Food & Beverage,Hong Kong,Activated,2025-05-14,45,0
M00119,2025-02-28,Micro,Partner,Retail,Hong Kong,Activated,2025-03-17,28,0
M00120,2025-07-18,Micro,Direct,Food & Beverage,Hong Kong,Lead,,0,0
M00121,2025-11-22,Micro,Paid Search,Food & Beverage,Hong Kong,Approved,,0,0
M00122,2025-03-09,Micro,Direct,E-commerce,United Kingdom,Qualified,,0,0
M00123,2025-12-22,Micro,Partner,Food & Beverage,Singapore,Qualified,,0,0
M00124,2025-06-23,Micro,Paid Search,Food & Beverage,Hong Kong,Activated,2025-06-29,50,0
M00125,2025-11-02,SME,Direct,Food & Beverage,Hong Kong,Approved,,0,0
M00126,2025-07-19,Micro,Partner,Food & Beverage,Hong Kong,Activated,2025-07-29,66,0
M00127,2025-12-22,Micro,Paid Search,Retail,Hong Kong,Lead,,0,0
M00128,2025-01-17,Enterprise,Partner,Food & Beverage,Hong Kong,Activated,2025-01-24,362,0
M00129,2025-06-29,Micro,Direct,Food & Beverage,Hong Kong,Activated,2025-07-08,32,0
M00130,2025-11-18,SME,Referral,Professional Services,United Kingdom,Lead,,0,0
M00131,2025-05-06,SME,Direct,E-commerce,Hong Kong,Activated,2025-05-21,164,0
M00132,2025-03-04,SME,Direct,Retail,Hong Kong,Qualified,,0,0
M00133,2025-11-24,SME,Direct,E-commerce,Hong Kong,Activated,2025-12-06,233,0
M00134,2025-01-14,Micro,Partner,Retail,Hong Kong,Activated,2025-01-19,61,0
M00135,2025-10-17,SME,Paid Search,Food & Beverage,Australia,Activated,2025-10-27,108,0
M00136,2025-03-27,Micro,Paid Search,Retail,Hong Kong,Lead,,0,0
M00137,2025-11-26,SME,Direct,Food & Beverage,Singapore,Activated,2025-12-06,185,0
M00138,2025-04-13,Micro,Partner,E-commerce,Hong Kong,Approved,,0,0
M00139,2025-04-24,Micro,Referral,Food & Beverage,Hong Kong,Activated,2025-05-02,44,0
M00140,2025-11-12,Micro,Paid Search,Food & Beverage,Hong Kong,Qualified,,0,0
M00141,2025-09-09,SME,Direct,Retail,Hong Kong,Lead,,0,0
M00142,2025-01-19,Micro,Partner,Retail,Hong Kong,Lead,,0,0
M00143,2025-06-14,Micro,Referral,Retail,Singapore,Qualified,,0,0
M00144,2025-11-22,Micro,Direct,Retail,Hong Kong,Qualified,,0,0
M00145,2025-01-24,SME,Partner,Retail,Hong Kong,Qualified,,0,0
M00146,2025-08-20,Micro,Direct,Retail,Hong Kong,Activated,2025-09-04,44,0
M00147,2025-05-07,Micro,Referral,Food & Beverage,Hong Kong,Activated,2025-05-23,41,0
M00148,2025-05-05,SME,Referral,Retail,Hong Kong,Activated,2025-05-21,103,0
M00149,2025-10-21,SME,Direct,Retail,Hong Kong,Lead,,0,0
M00150,2025-01-10,Micro,Referral,Professional Services,Hong Kong,Approved,,0,0
M00151,2025-09-21,Micro,Paid Search,Professional Services,Hong Kong,Activated,2025-10-11,14,1
M00152,2025-02-08,SME,Partner,Food & Beverage,Hong Kong,Activated,2025-02-16,170,0
M00153,2025-12-02,Micro,Paid Search,Retail,Hong Kong,Qualified,,0,0
M00154,2025-06-19,Micro,Partner,Food & Beverage,Hong Kong,Qualified,,0,0
M00155,2025-06-30,Micro,Direct,Professional Services,Hong Kong,Lead,,0,0
M00156,2025-08-06,SME,Partner,Food & Beverage,Hong Kong,Activated,2025-08-16,119,0
M00157,2025-10-29,Micro,Partner,Professional Services,Hong Kong,Approved,,0,0
M00158,2025-03-19,Micro,Partner,Retail,Hong Kong,Activated,2025-03-29,25,0
M00159,2025-08-07,SME,Direct,Food & Beverage,Hong Kong,Approved,,0,0
M00160,2025-02-21,Micro,Referral,Food & Beverage,Hong Kong,Activated,2025-03-04,49,1
M00161,2025-03-06,Micro,Partner,Professional Services,Hong Kong,Approved,,0,0
M00162,2025-05-01,SME,Paid Search,Retail,Hong Kong,Activated,2025-05-13,94,0
M00163,2025-08-07,Micro,Partner,Food & Beverage,Singapore,Activated,2025-08-17,46,0
M00164,2025-03-24,SME,Direct,Retail,Hong Kong,Approved,,0,0
M00165,2025-05-25,SME,Partner,Food & Beverage,Hong Kong,Activated,2025-06-01,190,0
M00166,2025-01-25,Enterprise,Paid Search,E-commerce,Hong Kong,Approved,,0,0
M00167,2025-12-19,SME,Direct,Retail,Hong Kong,Approved,,0,0
M00168,2025-08-29,SME,Direct,Professional Services,United Kingdom,Activated,2025-09-05,25,0
M00169,2025-11-16,SME,Partner,Food & Beverage,Hong Kong,Qualified,,0,0
M00170,2025-01-16,Micro,Paid Search,Retail,Hong Kong,Activated,2025-01-23,47,0
M00171,2025-05-19,Micro,Direct,E-commerce,Hong Kong,Activated,2025-05-29,56,1
M00172,2025-03-02,Micro,Paid Search,E-commerce,Hong Kong,Lead,,0,0
M00173,2025-05-18,SME,Paid Search,Retail,Hong Kong,Activated,2025-05-27,246,1
M00174,2025-07-29,Micro,Paid Search,E-commerce,Hong Kong,Activated,2025-08-12,86,0
M00175,2025-07-09,Micro,Referral,Food & Beverage,Hong Kong,Approved,,0,0
M00176,2025-12-22,Micro,Partner,E-commerce,Hong Kong,Lead,,0,0
M00177,2025-09-04,SME,Direct,Retail,Hong Kong,Activated,2025-10-01,142,0
M00178,2025-01-01,SME,Direct,Food & Beverage,Hong Kong,Approved,,0,0
M00179,2025-01-15,Micro,Partner,E-commerce,Hong Kong,Qualified,,0,0
M00180,2025-09-27,SME,Paid Search,E-commerce,Singapore,Activated,2025-10-05,97,0
M00181,2025-09-13,Micro,Paid Search,Professional Services,Hong Kong,Qualified,,0,0
M00182,2025-06-08,Micro,Partner,Retail,Hong Kong,Qualified,,0,0
M00183,2025-07-07,SME,Partner,Food & Beverage,Hong Kong,Activated,2025-07-16,116,0
M00184,2025-08-13,SME,Referral,Food & Beverage,Singapore,Qualified,,0,0
M00185,2025-11-13,Micro,Referral,Professional Services,Hong Kong,Qualified,,0,0
M00186,2025-07-31,Micro,Direct,Retail,Hong Kong,Activated,2025-08-07,0,0
M00187,2025-06-10,Micro,Partner,Professional Services,Hong Kong,Activated,2025-06-19,41,0
M00188,2025-02-22,Micro,Paid Search,E-commerce,Hong Kong,Lead,,0,0
M00189,2025-12-15,Micro,Paid Search,Food & Beverage,Singapore,Activated,2025-12-24,50,1
M00190,2025-04-21,SME,Paid Search,Retail,Hong Kong,Approved,,0,0
M00191,2025-09-14,Micro,Paid Search,Retail,Hong Kong,Activated,2025-09-25,50,0
M00192,2025-11-15,Micro,Direct,Food & Beverage,Hong Kong,Activated,2025-11-27,36,0
M00193,2025-09-07,Micro,Paid Search,Retail,Hong Kong,Qualified,,0,0
M00194,2025-07-01,Micro,Paid Search,Food & Beverage,Hong Kong,Qualified,,0,0
M00195,2025-09-09,Micro,Referral,Retail,Hong Kong,Qualified,,0,0
M00196,2025-09-13,SME,Direct,Professional Services,Singapore,Lead,,0,0
M00197,2025-06-21,Micro,Direct,Professional Services,Hong Kong,Activated,2025-07-21,52,0
M00198,2025-06-20,Micro,Paid Search,Food & Beverage,Hong Kong,Lead,,0,0
M00199,2025-04-05,Enterprise,Paid Search,Food & Beverage,Hong Kong,Activated,2025-04-21,473,0
M00200,2025-01-20,Micro,Direct,Food & Beverage,Hong Kong,Qualified,,0,0
M00201,2025-11-18,Enterprise,Paid Search,Food & Beverage,Australia,Lead,,0,0
M00202,2025-04-23,SME,Partner,Professional Services,Hong Kong,Activated,2025-05-04,199,0
M00203,2025-10-03,SME,Paid Search,E-commerce,United Kingdom,Lead,,0,0
M00204,2025-11-15,Micro,Partner,Retail,Hong Kong,Approved,,0,0
M00205,2025-06-25,Micro,Direct,E-commerce,Hong Kong,Activated,2025-07-14,49,0
M00206,2025-03-07,Micro,Paid Search,E-commerce,Hong Kong,Activated,2025-03-20,38,0
M00207,2025-01-08,Micro,Paid Search,Professional Services,Hong Kong,Lead,,0,0
M00208,2025-12-04,Micro,Direct,Retail,Hong Kong,Qualified,,0,0
M00209,2025-09-15,SME,Direct,Retail,Hong Kong,Qualified,,0,0
M00210,2025-07-10,SME,Partner,Retail,Hong Kong,Activated,2025-07-31,136,0
M00211,2025-03-12,Micro,Referral,Professional Services,Hong Kong,Approved,,0,0
M00212,2025-07-05,Micro,Direct,Food & Beverage,Australia,Activated,2025-07-20,64,0
M00213,2025-09-15,Enterprise,Paid Search,Retail,Hong Kong,Activated,2025-09-29,385,1
M00214,2025-04-17,Micro,Direct,Food & Beverage,Hong Kong,Lead,,0,0
M00215,2025-11-22,Micro,Direct,Professional Services,Hong Kong,Approved,,0,0
M00216,2025-04-21,Micro,Referral,Professional Services,Hong Kong,Activated,2025-05-02,76,1
M00217,2025-02-11,Micro,Partner,E-commerce,Hong Kong,Activated,2025-03-09,52,0
M00218,2025-02-13,Micro,Partner,Retail,Australia,Activated,2025-02-22,45,0
M00219,2025-06-21,Micro,Direct,Food & Beverage,Hong Kong,Activated,2025-07-02,55,0
M00220,2025-08-12,SME,Direct,Retail,Hong Kong,Activated,2025-08-25,89,0
M00221,2025-05-25,Micro,Paid Search,E-commerce,United Kingdom,Lead,,0,0
M00222,2025-08-29,SME,Direct,Food & Beverage,Hong Kong,Lead,,0,0
M00223,2025-08-22,SME,Paid Search,E-commerce,Singapore,Lead,,0,0
M00224,2025-06-03,SME,Partner,Retail,Singapore,Activated,2025-06-14,117,0
M00225,2025-11-07,Enterprise,Partner,Professional Services,Hong Kong,Activated,2025-11-20,502,0
M00226,2025-12-14,Enterprise,Direct,Food & Beverage,Hong Kong,Activated,2026-01-04,483,0
M00227,2025-08-15,Micro,Partner,Retail,Hong Kong,Activated,2025-09-03,30,0
M00228,2025-07-16,SME,Direct,Retail,Hong Kong,Activated,2025-07-28,73,0
M00229,2025-12-03,Micro,Partner,E-commerce,Hong Kong,Lead,,0,0
M00230,2025-09-14,Micro,Partner,Retail,Hong Kong,Qualified,,0,0
M00231,2025-09-26,Micro,Paid Search,E-commerce,Hong Kong,Activated,2025-10-06,19,0
M00232,2025-06-25,Micro,Paid Search,Food & Beverage,Hong Kong,Lead,,0,0
M00233,2025-08-19,SME,Direct,Professional Services,Hong Kong,Qualified,,0,0
M00234,2025-08-12,SME,Direct,Retail,Hong Kong,Lead,,0,0
M00235,2025-11-15,Micro,Paid Search,Retail,Hong Kong,Qualified,,0,0
M00236,2025-12-16,SME,Paid Search,Food & Beverage,Hong Kong,Lead,,0,0
M00237,2025-12-31,SME,Direct,E-commerce,Hong Kong,Activated,2026-01-20,138,0
M00238,2025-03-14,Micro,Paid Search,Food & Beverage,Hong Kong,Qualified,,0,0
M00239,2025-06-21,Micro,Partner,Food & Beverage,Hong Kong,Qualified,,0,0
M00240,2025-05-09,Micro,Direct,Professional Services,Australia,Lead,,0,0
M00241,2025-05-18,SME,Direct,Food & Beverage,Hong Kong,Activated,2025-05-29,36,0
M00242,2025-07-24,SME,Direct,E-commerce,United Kingdom,Lead,,0,0
M00243,2025-06-23,Micro,Partner,E-commerce,Hong Kong,Qualified,,0,0
M00244,2025-03-28,Enterprise,Partner,Food & Beverage,Hong Kong,Activated,2025-04-10,525,0
M00245,2025-02-08,SME,Paid Search,Retail,Hong Kong,Activated,2025-02-18,36,1
M00246,2025-07-15,Micro,Direct,E-commerce,Hong Kong,Qualified,,0,0
M00247,2025-02-05,Micro,Paid Search,E-commerce,Hong Kong,Lead,,0,0
M00248,2025-07-14,SME,Partner,Food & Beverage,Hong Kong,Activated,2025-07-29,239,0
M00249,2025-05-10,SME,Direct,E-commerce,Hong Kong,Approved,,0,0
M00250,2025-04-01,Micro,Direct,E-commerce,Hong Kong,Activated,2025-04-20,45,0
M00251,2025-06-04,SME,Paid Search,Professional Services,Hong Kong,Lead,,0,0
M00252,2025-03-04,Micro,Direct,E-commerce,Hong Kong,Activated,2025-03-18,33,0
M00253,2025-09-05,SME,Direct,Professional Services,Hong Kong,Activated,2025-09-19,76,0
M00254,2025-04-07,Micro,Referral,E-commerce,Hong Kong,Activated,2025-04-18,42,0
M00255,2025-12-17,Enterprise,Partner,E-commerce,Hong Kong,Qualified,,0,0
M00256,2025-08-30,Enterprise,Paid Search,Professional Services,Hong Kong,Activated,2025-09-18,284,1
M00257,2025-05-04,Micro,Direct,Professional Services,Hong Kong,Activated,2025-05-15,23,0
M00258,2025-02-16,Micro,Partner,Retail,Hong Kong,Qualified,,0,0
M00259,2025-03-17,Micro,Paid Search,E-commerce,Hong Kong,Activated,2025-04-05,49,0
M00260,2025-07-22,SME,Referral,Retail,Hong Kong,Approved,,0,0
M00261,2025-02-24,Micro,Partner,E-commerce,Hong Kong,Qualified,,0,0
M00262,2025-09-12,SME,Partner,Retail,Hong Kong,Lead,,0,0
M00263,2025-07-27,Micro,Direct,Food & Beverage,Hong Kong,Activated,2025-08-03,63,0
M00264,2025-09-29,SME,Direct,Food & Beverage,United Kingdom,Approved,,0,0
M00265,2025-10-08,Micro,Referral,Professional Services,Hong Kong,Activated,2025-10-19,27,0
M00266,2025-01-23,Micro,Direct,Food & Beverage,Hong Kong,Approved,,0,0
M00267,2025-07-15,Micro,Referral,Retail,Australia,Activated,2025-08-06,62,0
M00268,2025-02-28,Micro,Partner,Retail,Hong Kong,Activated,2025-03-06,46,0
M00269,2025-02-02,Micro,Paid Search,E-commerce,Hong Kong,Lead,,0,0
M00270,2025-05-15,Enterprise,Partner,Food & Beverage,Singapore,Approved,,0,0
M00271,2025-03-17,Enterprise,Direct,Retail,Hong Kong,Lead,,0,0
M00272,2025-11-29,Micro,Referral,Professional Services,Hong Kong,Lead,,0,0
M00273,2025-05-28,Micro,Direct,Food & Beverage,United Kingdom,Lead,,0,0
M00274,2025-09-08,SME,Direct,Food & Beverage,Hong Kong,Activated,2025-09-17,130,0
M00275,2025-07-07,Micro,Direct,Food & Beverage,Hong Kong,Activated,2025-07-15,61,0
M00276,2025-07-14,Micro,Partner,Food & Beverage,Hong Kong,Activated,2025-07-20,30,0
M00277,2025-03-14,Micro,Partner,Professional Services,Australia,Activated,2025-03-22,59,0
M00278,2025-03-26,Micro,Direct,Food & Beverage,Hong Kong,Qualified,,0,0
M00279,2025-10-21,Micro,Referral,E-commerce,Singapore,Lead,,0,0
M00280,2025-10-08,Micro,Paid Search,E-commerce,Hong Kong,Lead,,0,0
M00281,2025-07-24,Enterprise,Partner,Food & Beverage,Australia,Lead,,0,0
M00282,2025-03-07,Micro,Partner,E-commerce,United Kingdom,Activated,2025-03-13,38,0
M00283,2025-07-19,SME,Referral,E-commerce,Hong Kong,Lead,,0,0
M00284,2025-05-01,Micro,Direct,Food & Beverage,Hong Kong,Lead,,0,0
M00285,2025-11-18,Micro,Partner,E-commerce,Hong Kong,Activated,2025-11-29,35,0
M00286,2025-03-10,Micro,Direct,Food & Beverage,United Kingdom,Activated,2025-03-22,11,0
M00287,2025-09-08,Micro,Paid Search,Food & Beverage,United Kingdom,Lead,,0,0
M00288,2025-07-05,SME,Paid Search,Retail,Hong Kong,Lead,,0,0
M00289,2025-01-04,Enterprise,Partner,Retail,Australia,Activated,2025-01-12,395,0
M00290,2025-04-04,SME,Paid Search,Retail,Hong Kong,Activated,2025-04-12,142,0
M00291,2025-06-13,Micro,Paid Search,Retail,Hong Kong,Activated,2025-06-23,55,1
M00292,2025-01-06,Micro,Paid Search,Retail,Hong Kong,Qualified,,0,0
M00293,2025-11-01,SME,Referral,E-commerce,Hong Kong,Activated,2025-11-25,263,0
M00294,2025-11-18,SME,Direct,Professional Services,Hong Kong,Activated,2025-11-25,151,0
M00295,2025-03-28,Enterprise,Partner,Professional Services,Hong Kong,Lead,,0,0
M00296,2025-06-03,SME,Partner,Retail,Australia,Lead,,0,0
M00297,2025-07-24,Micro,Referral,Retail,United Kingdom,Activated,2025-08-04,59,0
M00298,2025-03-18,Micro,Partner,Food & Beverage,United Kingdom,Qualified,,0,0
M00299,2025-03-09,SME,Referral,Food & Beverage,Hong Kong,Activated,2025-03-20,69,1
M00300,2025-10-30,SME,Paid Search,Food & Beverage,United Kingdom,Activated,2025-11-08,113,0
M00301,2025-12-10,Micro,Direct,E-commerce,Hong Kong,Activated,2026-01-06,17,0
M00302,2025-02-16,Micro,Direct,E-commerce,Hong Kong,Activated,2025-03-03,65,0
M00303,2025-11-11,SME,Partner,E-commerce,Hong Kong,Approved,,0,0
M00304,2025-11-08,Micro,Paid Search,Professional Services,Hong Kong,Activated,2025-11-14,39,0
M00305,2025-07-03,Micro,Paid Search,Retail,Hong Kong,Lead,,0,0
M00306,2025-11-30,SME,Partner,Food & Beverage,Hong Kong,Lead,,0,0
M00307,2025-06-11,SME,Paid Search,E-commerce,Hong Kong,Activated,2025-06-23,161,0
M00308,2025-12-15,Micro,Paid Search,Food & Beverage,Singapore,Activated,2025-12-24,37,0
M00309,2025-12-17,Micro,Direct,Food & Beverage,Hong Kong,Activated,2025-12-25,23,0
M00310,2025-06-17,Micro,Paid Search,E-commerce,United Kingdom,Activated,2025-06-29,52,0
M00311,2025-09-04,SME,Direct,E-commerce,Hong Kong,Lead,,0,0
M00312,2025-06-30,SME,Referral,Professional Services,Hong Kong,Lead,,0,0
M00313,2025-12-20,Micro,Direct,Food & Beverage,United Kingdom,Activated,2025-12-29,77,1
M00314,2025-07-15,SME,Referral,E-commerce,Hong Kong,Activated,2025-07-27,92,0
M00315,2025-07-19,SME,Direct,E-commerce,Hong Kong,Qualified,,0,0
M00316,2025-12-17,Micro,Direct,Food & Beverage,Hong Kong,Qualified,,0,0
M00317,2025-03-12,Micro,Paid Search,Food & Beverage,Hong Kong,Activated,2025-03-24,41,0
M00318,2025-01-06,Micro,Paid Search,Professional Services,Hong Kong,Lead,,0,0
M00319,2025-10-19,SME,Paid Search,Professional Services,Hong Kong,Activated,2025-10-29,142,0
M00320,2025-03-21,Micro,Direct,E-commerce,Hong Kong,Activated,2025-04-01,39,0
M00321,2025-02-22,Micro,Referral,Retail,Hong Kong,Approved,,0,0
M00322,2025-01-12,Micro,Paid Search,Food & Beverage,Hong Kong,Activated,2025-01-19,70,1
M00323,2025-03-10,SME,Paid Search,Food & Beverage,United Kingdom,Activated,2025-03-27,156,0
M00324,2025-03-12,Micro,Partner,Professional Services,Hong Kong,Activated,2025-03-16,55,0
M00325,2025-02-21,Micro,Referral,Retail,Hong Kong,Qualified,,0,0
M00326,2025-02-27,SME,Partner,Professional Services,Hong Kong,Activated,2025-03-06,139,0
M00327,2025-03-08,SME,Partner,Retail,Hong Kong,Qualified,,0,0
M00328,2025-05-14,Enterprise,Paid Search,Professional Services,Hong Kong,Activated,2025-05-26,511,1
M00329,2025-05-18,Micro,Partner,Professional Services,United Kingdom,Approved,,0,0
M00330,2025-04-06,Micro,Referral,E-commerce,Hong Kong,Approved,,0,0
M00331,2025-09-13,SME,Paid Search,E-commerce,Hong Kong,Activated,2025-09-23,152,1
M00332,2025-03-05,Micro,Referral,E-commerce,Hong Kong,Qualified,,0,0
M00333,2025-02-22,SME,Paid Search,Retail,Hong Kong,Activated,2025-03-07,154,0
M00334,2025-07-05,SME,Paid Search,Professional Services,Hong Kong,Approved,,0,0
M00335,2025-11-15,Micro,Paid Search,E-commerce,Hong Kong,Qualified,,0,0
M00336,2025-05-04,Micro,Partner,Professional Services,Hong Kong,Activated,2025-05-16,43,1
M00337,2025-02-16,SME,Direct,E-commerce,United Kingdom,Activated,2025-02-28,64,0
M00338,2025-01-17,Micro,Direct,Food & Beverage,Singapore,Activated,2025-02-01,25,0
M00339,2025-01-09,Micro,Paid Search,Professional Services,Singapore,Activated,2025-01-18,66,0
M00340,2025-04-08,Micro,Direct,Food & Beverage,Hong Kong,Activated,2025-04-21,59,0
M00341,2025-11-28,Micro,Paid Search,Retail,Hong Kong,Lead,,0,0
M00342,2025-05-08,Micro,Direct,E-commerce,Hong Kong,Lead,,0,0
M00343,2025-05-31,Micro,Partner,Retail,Hong Kong,Activated,2025-06-22,54,0
M00344,2025-10-25,Micro,Partner,Professional Services,Hong Kong,Approved,,0,0
M00345,2025-07-04,Micro,Partner,Food & Beverage,Hong Kong,Activated,2025-07-15,24,0
M00346,2025-07-28,Enterprise,Direct,Food & Beverage,Hong Kong,Lead,,0,0
M00347,2025-09-16,Micro,Direct,E-commerce,Hong Kong,Lead,,0,0
M00348,2025-01-20,Micro,Direct,E-commerce,Hong Kong,Approved,,0,0
M00349,2025-10-15,Enterprise,Paid Search,Food & Beverage,Australia,Lead,,0,0
M00350,2025-09-03,SME,Direct,Food & Beverage,Hong Kong,Activated,2025-09-11,193,0
M00351,2025-10-24,Micro,Direct,E-commerce,Australia,Activated,2025-11-03,45,0
M00352,2025-12-29,Enterprise,Partner,E-commerce,Hong Kong,Lead,,0,0
M00353,2025-02-01,SME,Partner,E-commerce,United Kingdom,Lead,,0,0
M00354,2025-11-16,Micro,Paid Search,E-commerce,Australia,Activated,2025-11-24,32,1
M00355,2025-05-05,SME,Paid Search,Retail,Hong Kong,Activated,2025-05-23,145,0
M00356,2025-08-04,Micro,Paid Search,E-commerce,United Kingdom,Qualified,,0,0
M00357,2025-11-23,Micro,Partner,Food & Beverage,Hong Kong,Approved,,0,0
M00358,2025-10-17,SME,Direct,Retail,Hong Kong,Lead,,0,0
M00359,2025-05-29,Micro,Paid Search,E-commerce,Hong Kong,Lead,,0,0
M00360,2025-03-17,SME,Partner,Retail,Australia,Approved,,0,0
M00361,2025-07-05,Micro,Referral,Retail,Hong Kong,Lead,,0,0
M00362,2025-11-26,SME,Referral,E-commerce,Hong Kong,Lead,,0,0
M00363,2025-05-05,SME,Direct,E-commerce,Hong Kong,Approved,,0,0
M00364,2025-06-28,Enterprise,Referral,Retail,Hong Kong,Activated,2025-07-14,335,0
M00365,2025-07-08,Micro,Partner,Retail,United Kingdom,Approved,,0,0
M00366,2025-02-27,Micro,Referral,Retail,Hong Kong,Activated,2025-03-11,37,0
M00367,2025-12-01,Enterprise,Direct,Food & Beverage,Hong Kong,Activated,2025-12-15,198,0
M00368,2025-02-01,Micro,Paid Search,Retail,United Kingdom,Activated,2025-02-11,53,0
M00369,2025-03-23,Micro,Direct,Retail,Hong Kong,Activated,2025-04-01,13,0
M00370,2025-04-23,Enterprise,Partner,Retail,Hong Kong,Lead,,0,0
M00371,2025-05-29,Micro,Direct,Retail,Hong Kong,Lead,,0,0
M00372,2025-05-20,SME,Direct,Professional Services,Singapore,Lead,,0,0
M00373,2025-08-19,Micro,Direct,Professional Services,Hong Kong,Lead,,0,0
M00374,2025-11-07,SME,Partner,Food & Beverage,Hong Kong,Activated,2025-11-15,118,0
M00375,2025-10-20,SME,Partner,Food & Beverage,Hong Kong,Activated,2025-11-09,110,0
M00376,2025-01-29,SME,Direct,Professional Services,Hong Kong,Approved,,0,0
M00377,2025-01-19,SME,Partner,Food & Beverage,Hong Kong,Approved,,0,0
M00378,2025-01-19,Micro,Referral,Professional Services,Hong Kong,Activated,2025-01-27,48,1
M00379,2025-02-09,Micro,Direct,Retail,Hong Kong,Lead,,0,0
M00380,2025-09-02,SME,Paid Search,E-commerce,Hong Kong,Activated,2025-09-18,121,0
M00381,2025-09-28,SME,Partner,Retail,Hong Kong,Qualified,,0,0
M00382,2025-11-15,Micro,Partner,Professional Services,Hong Kong,Activated,2025-11-25,33,0
M00383,2025-09-23,SME,Referral,Retail,Hong Kong,Approved,,0,0
M00384,2025-06-21,Micro,Referral,Food & Beverage,Hong Kong,Activated,2025-06-30,64,0
M00385,2025-05-31,Enterprise,Direct,Professional Services,Hong Kong,Activated,2025-06-11,356,0
M00386,2025-12-29,Micro,Direct,Retail,Australia,Lead,,0,0
M00387,2025-01-14,Micro,Partner,Professional Services,Hong Kong,Approved,,0,0
M00388,2025-04-06,Micro,Paid Search,Retail,Hong Kong,Qualified,,0,0
M00389,2025-08-15,Enterprise,Direct,Food & Beverage,Hong Kong,Lead,,0,0
M00390,2025-12-04,Micro,Paid Search,Food & Beverage,Hong Kong,Lead,,0,0
M00391,2025-01-07,Micro,Direct,Retail,Hong Kong,Qualified,,0,0
M00392,2025-08-20,SME,Direct,Food & Beverage,Hong Kong,Activated,2025-09-06,126,0
M00393,2025-06-04,SME,Direct,Retail,Hong Kong,Activated,2025-06-27,154,0
M00394,2025-09-09,Micro,Paid Search,Professional Services,Hong Kong,Activated,2025-09-29,48,0
M00395,2025-12-06,Micro,Paid Search,Food & Beverage,Hong Kong,Lead,,0,0
M00396,2025-07-17,Micro,Paid Search,Food & Beverage,Hong Kong,Lead,,0,0
M00397,2025-04-24,SME,Direct,E-commerce,Hong Kong,Activated,2025-05-15,153,0
M00398,2025-12-14,Micro,Partner,Retail,Hong Kong,Qualified,,0,0
M00399,2025-03-28,Micro,Direct,Professional Services,Hong Kong,Qualified,,0,0
M00400,2025-10-07,Micro,Direct,Retail,Hong Kong,Activated,2025-10-16,33,0
M00401,2025-08-01,Micro,Partner,E-commerce,Hong Kong,Qualified,,0,0
M00402,2025-01-21,Micro,Partner,Professional Services,Hong Kong,Activated,2025-01-30,60,0
M00403,2025-09-15,Micro,Direct,Food & Beverage,United Kingdom,Activated,2025-09-19,37,1
M00404,2025-11-13,Micro,Partner,Professional Services,Hong Kong,Activated,2025-11-22,35,0
M00405,2025-05-25,SME,Direct,Professional Services,Hong Kong,Qualified,,0,0
M00406,2025-02-06,Micro,Direct,Retail,Singapore,Lead,,0,0
M00407,2025-05-18,Micro,Partner,Retail,Hong Kong,Lead,,0,0
M00408,2025-03-21,Micro,Paid Search,Food & Beverage,Hong Kong,Activated,2025-04-05,57,1
M00409,2025-11-30,SME,Paid Search,E-commerce,Hong Kong,Activated,2025-12-08,98,0
M00410,2025-08-20,SME,Direct,Retail,Hong Kong,Approved,,0,0
M00411,2025-08-05,Enterprise,Direct,Retail,Hong Kong,Lead,,0,0
M00412,2025-09-01,Micro,Partner,Food & Beverage,Hong Kong,Lead,,0,0
M00413,2025-11-21,SME,Referral,Professional Services,Hong Kong,Activated,2025-12-01,161,0
M00414,2025-04-08,Micro,Paid Search,Retail,Hong Kong,Qualified,,0,0
M00415,2025-04-05,Micro,Referral,Food & Beverage,Hong Kong,Lead,,0,0
M00416,2025-05-16,Micro,Referral,E-commerce,United Kingdom,Activated,2025-05-27,35,0
M00417,2025-06-14,Micro,Referral,Retail,Hong Kong,Qualified,,0,0
M00418,2025-04-03,SME,Referral,Professional Services,Hong Kong,Approved,,0,0
M00419,2025-06-02,SME,Referral,E-commerce,Hong Kong,Activated,2025-06-19,140,0
M00420,2025-07-04,SME,Direct,Professional Services,Hong Kong,Activated,2025-07-12,148,1
M00421,2025-11-13,Micro,Partner,Retail,Hong Kong,Activated,2025-11-23,54,0
M00422,2025-08-02,Micro,Partner,Food & Beverage,Hong Kong,Approved,,0,0
M00423,2025-11-05,Enterprise,Direct,Food & Beverage,Hong Kong,Lead,,0,0
M00424,2025-10-06,Micro,Paid Search,Professional Services,Hong Kong,Qualified,,0,0
M00425,2025-10-10,SME,Referral,Professional Services,Hong Kong,Qualified,,0,0
M00426,2025-08-28,SME,Partner,Food & Beverage,Hong Kong,Activated,2025-09-05,57,0
M00427,2025-07-11,Micro,Partner,Retail,Hong Kong,Activated,2025-07-20,42,0
M00428,2025-06-07,SME,Direct,Food & Beverage,Singapore,Activated,2025-07-09,73,0
M00429,2025-10-11,Micro,Direct,Food & Beverage,Singapore,Qualified,,0,0
M00430,2025-08-25,SME,Referral,Food & Beverage,Hong Kong,Activated,2025-09-09,126,0
M00431,2025-05-10,Micro,Partner,Food & Beverage,Hong Kong,Qualified,,0,0
M00432,2025-07-06,Micro,Paid Search,Food & Beverage,Hong Kong,Lead,,0,0
M00433,2025-06-28,SME,Direct,Professional Services,Hong Kong,Lead,,0,0
M00434,2025-05-17,SME,Referral,E-commerce,Hong Kong,Activated,2025-05-25,184,0
M00435,2025-02-25,SME,Direct,E-commerce,Australia,Activated,2025-03-10,151,1
M00436,2025-04-05,Micro,Partner,Retail,Hong Kong,Activated,2025-04-12,55,1
M00437,2025-09-14,Micro,Direct,E-commerce,Hong Kong,Qualified,,0,0
M00438,2025-01-09,SME,Partner,Professional Services,Hong Kong,Activated,2025-01-17,61,0
M00439,2025-08-17,SME,Paid Search,Retail,Hong Kong,Lead,,0,0
M00440,2025-06-01,SME,Partner,Food & Beverage,Hong Kong,Approved,,0,0
M00441,2025-12-14,Micro,Paid Search,Professional Services,Hong Kong,Activated,2025-12-22,45,0
M00442,2025-04-20,SME,Referral,Retail,Hong Kong,Activated,2025-04-29,170,1
M00443,2025-03-20,SME,Referral,Professional Services,Hong Kong,Lead,,0,0
M00444,2025-06-06,SME,Referral,Food & Beverage,Hong Kong,Activated,2025-06-24,136,0
M00445,2025-03-17,Micro,Partner,Food & Beverage,Australia,Activated,2025-03-28,21,0
M00446,2025-08-19,Micro,Paid Search,Professional Services,Hong Kong,Activated,2025-09-02,43,0
M00447,2025-12-02,SME,Paid Search,Food & Beverage,Hong Kong,Lead,,0,0
M00448,2025-01-23,SME,Direct,Retail,Hong Kong,Lead,,0,0
M00449,2025-03-25,Micro,Direct,E-commerce,Hong Kong,Qualified,,0,0
M00450,2025-05-23,Micro,Direct,Retail,Hong Kong,Activated,2025-06-28,32,0
M00451,2025-01-01,Micro,Referral,Retail,Hong Kong,Activated,2025-01-21,21,0
M00452,2025-02-28,Enterprise,Direct,E-commerce,Hong Kong,Activated,2025-03-12,518,0
M00453,2025-01-17,Micro,Direct,Retail,Hong Kong,Qualified,,0,0
M00454,2025-12-04,SME,Paid Search,Food & Beverage,Hong Kong,Activated,2025-12-11,130,1
M00455,2025-02-24,Micro,Direct,Retail,United Kingdom,Activated,2025-03-06,39,0
M00456,2025-05-10,SME,Partner,Food & Beverage,Hong Kong,Lead,,0,0
M00457,2025-06-29,Micro,Referral,Food & Beverage,Hong Kong,Approved,,0,0
M00458,2025-11-23,SME,Direct,Food & Beverage,Hong Kong,Lead,,0,0
M00459,2025-07-06,Micro,Direct,E-commerce,Hong Kong,Qualified,,0,0
M00460,2025-11-22,SME,Partner,Retail,Hong Kong,Lead,,0,0
M00461,2025-07-21,Micro,Paid Search,Professional Services,Hong Kong,Activated,2025-08-06,38,0
M00462,2025-10-30,SME,Direct,Retail,Hong Kong,Activated,2025-11-08,181,1
M00463,2025-04-15,SME,Referral,Food & Beverage,Hong Kong,Activated,2025-04-21,176,0
M00464,2025-05-26,SME,Direct,Retail,Hong Kong,Lead,,0,0
M00465,2025-03-16,SME,Direct,Food & Beverage,Hong Kong,Activated,2025-04-01,154,0
M00466,2025-10-17,SME,Direct,Retail,Hong Kong,Activated,2025-11-01,123,1
M00467,2025-03-01,Micro,Direct,E-commerce,Australia,Activated,2025-03-20,52,0
M00468,2025-01-23,Micro,Partner,Food & Beverage,Hong Kong,Qualified,,0,0
M00469,2025-01-11,Micro,Partner,E-commerce,Hong Kong,Activated,2025-01-25,33,0
M00470,2025-12-13,Micro,Paid Search,Retail,Hong Kong,Approved,,0,0
M00471,2025-10-20,Enterprise,Direct,Retail,Hong Kong,Qualified,,0,0
M00472,2025-06-04,Enterprise,Direct,Retail,Hong Kong,Lead,,0,0
M00473,2025-05-12,Micro,Direct,Retail,Hong Kong,Qualified,,0,0
M00474,2025-11-06,Enterprise,Paid Search,Food & Beverage,Hong Kong,Activated,2025-11-16,481,0
M00475,2025-02-26,Micro,Direct,Professional Services,Hong Kong,Activated,2025-03-08,37,1
M00476,2025-06-19,SME,Direct,E-commerce,Hong Kong,Lead,,0,0
M00477,2025-04-22,SME,Partner,Professional Services,Singapore,Qualified,,0,0
M00478,2025-05-16,Micro,Referral,Retail,Hong Kong,Activated,2025-05-25,31,0
M00479,2025-04-04,SME,Paid Search,Professional Services,Hong Kong,Activated,2025-04-15,102,0
M00480,2025-04-24,Micro,Direct,E-commerce,Hong Kong,Approved,,0,0
M00481,2025-06-02,SME,Paid Search,Professional Services,United Kingdom,Lead,,0,0
M00482,2025-03-15,Micro,Paid Search,Food & Beverage,Hong Kong,Qualified,,0,0
M00483,2025-10-07,Micro,Direct,E-commerce,Hong Kong,Approved,,0,0
M00484,2025-04-29,Micro,Paid Search,Food & Beverage,Singapore,Activated,2025-05-11,47,0
M00485,2025-01-28,Micro,Paid Search,E-commerce,Hong Kong,Activated,2025-02-08,64,0
M00486,2025-04-02,Micro,Direct,Food & Beverage,Hong Kong,Activated,2025-04-14,37,0
M00487,2025-09-10,SME,Direct,E-commerce,Hong Kong,Qualified,,0,0
M00488,2025-02-20,Micro,Referral,Professional Services,Hong Kong,Activated,2025-03-07,69,0
M00489,2025-01-13,Micro,Direct,Retail,Hong Kong,Qualified,,0,0
M00490,2025-09-08,Micro,Paid Search,Retail,Hong Kong,Lead,,0,0
M00491,2025-10-07,SME,Paid Search,Food & Beverage,Hong Kong,Lead,,0,0
M00492,2025-04-27,Micro,Direct,Professional Services,Hong Kong,Lead,,0,0
M00493,2025-09-07,Micro,Paid Search,Retail,United Kingdom,Lead,,0,0
M00494,2025-11-04,Enterprise,Paid Search,Professional Services,Hong Kong,Approved,,0,0
M00495,2025-11-24,SME,Direct,Retail,Hong Kong,Approved,,0,0
M00496,2025-03-10,Enterprise,Paid Search,Retail,Hong Kong,Activated,2025-03-24,416,0
M00497,2025-03-25,Enterprise,Referral,Professional Services,Hong Kong,Qualified,,0,0
M00498,2025-12-07,Micro,Paid Search,E-commerce,Singapore,Lead,,0,0
M00499,2025-06-18,Micro,Paid Search,E-commerce,Singapore,Activated,2025-06-27,54,0
M00500,2025-06-12,Enterprise,Referral,Professional Services,Singapore,Activated,2025-06-20,468,0
M00501,2025-06-27,SME,Paid Search,Retail,United Kingdom,Lead,,0,0
M00502,2025-09-07,SME,Direct,Professional Services,Hong Kong,Activated,2025-09-26,161,0
M00503,2025-08-05,Micro,Partner,E-commerce,Hong Kong,Activated,2025-08-17,31,1
M00504,2025-01-18,Micro,Direct,E-commerce,Hong Kong,Activated,2025-01-25,53,0
M00505,2025-08-20,Micro,Referral,Retail,Hong Kong,Qualified,,0,0
M00506,2025-12-08,Micro,Direct,E-commerce,Hong Kong,Activated,2025-12-16,41,0
M00507,2025-07-27,SME,Referral,Retail,Australia,Activated,2025-08-03,128,0
M00508,2025-07-22,Micro,Partner,Retail,Hong Kong,Lead,,0,0
M00509,2025-08-14,Micro,Paid Search,Retail,Singapore,Activated,2025-09-02,20,0
M00510,2025-12-13,Micro,Referral,Professional Services,United Kingdom,Activated,2025-12-20,3,0
M00511,2025-12-13,Micro,Direct,Food & Beverage,United Kingdom,Lead,,0,0
M00512,2025-09-27,SME,Direct,Professional Services,Singapore,Approved,,0,0
M00513,2025-11-23,Micro,Referral,E-commerce,Singapore,Activated,2025-12-11,65,0
M00514,2025-05-01,Micro,Direct,E-commerce,Hong Kong,Lead,,0,0
M00515,2025-09-06,SME,Direct,E-commerce,Hong Kong,Approved,,0,0
M00516,2025-10-05,Micro,Referral,E-commerce,Hong Kong,Lead,,0,0
M00517,2025-10-29,SME,Partner,Food & Beverage,Hong Kong,Activated,2025-11-07,175,0
M00518,2025-11-13,SME,Paid Search,Retail,Hong Kong,Activated,2025-11-22,148,0
M00519,2025-10-30,Micro,Partner,Food & Beverage,Hong Kong,Qualified,,0,0
M00520,2025-07-08,Micro,Paid Search,Food & Beverage,Hong Kong,Activated,2025-07-21,23,0
M00521,2025-05-04,Micro,Partner,Retail,Hong Kong,Lead,,0,0
M00522,2025-09-01,Micro,Partner,Professional Services,Hong Kong,Activated,2025-09-15,36,0
M00523,2025-07-12,Micro,Paid Search,Retail,Hong Kong,Lead,,0,0
M00524,2025-07-14,SME,Direct,Professional Services,Singapore,Qualified,,0,0
M00525,2025-12-26,SME,Partner,Retail,Hong Kong,Activated,2026-01-04,59,0
M00526,2025-05-24,Micro,Referral,E-commerce,Hong Kong,Qualified,,0,0
M00527,2025-02-17,SME,Paid Search,E-commerce,Hong Kong,Activated,2025-03-03,99,0
M00528,2025-08-22,Micro,Direct,Retail,United Kingdom,Activated,2025-09-10,43,0
M00529,2025-06-30,SME,Partner,Retail,Hong Kong,Approved,,0,0
M00530,2025-12-02,Micro,Direct,Retail,Hong Kong,Lead,,0,0
M00531,2025-03-21,SME,Paid Search,Professional Services,Hong Kong,Activated,2025-03-31,150,0
M00532,2025-04-11,Micro,Paid Search,E-commerce,Hong Kong,Activated,2025-04-19,34,0
M00533,2025-04-06,Micro,Direct,Professional Services,Singapore,Activated,2025-04-17,37,0
M00534,2025-01-16,Micro,Direct,Retail,Hong Kong,Activated,2025-01-31,45,0
M00535,2025-11-29,Micro,Paid Search,Retail,Singapore,Lead,,0,0
M00536,2025-07-07,SME,Direct,Food & Beverage,Singapore,Activated,2025-07-16,130,0
M00537,2025-10-13,Micro,Paid Search,Retail,Australia,Qualified,,0,0
M00538,2025-10-10,SME,Direct,Professional Services,Hong Kong,Lead,,0,0
M00539,2025-11-27,SME,Direct,Professional Services,Hong Kong,Qualified,,0,0
M00540,2025-04-08,Micro,Direct,Retail,United Kingdom,Activated,2025-04-21,34,0
M00541,2025-12-19,Micro,Referral,Professional Services,United Kingdom,Qualified,,0,0
M00542,2025-06-07,SME,Direct,Retail,Hong Kong,Lead,,0,0
M00543,2025-05-03,Enterprise,Partner,Retail,United Kingdom,Qualified,,0,0
M00544,2025-02-20,Enterprise,Paid Search,Retail,Hong Kong,Lead,,0,0
M00545,2025-02-06,Micro,Partner,Retail,United Kingdom,Approved,,0,0
M00546,2025-08-23,Enterprise,Direct,Food & Beverage,Hong Kong,Activated,2025-09-06,454,0
M00547,2025-07-06,Enterprise,Partner,Retail,Hong Kong,Activated,2025-07-31,443,0
M00548,2025-05-22,Enterprise,Direct,Food & Beverage,Hong Kong,Qualified,,0,0
M00549,2025-02-13,Micro,Partner,Professional Services,Hong Kong,Activated,2025-03-01,62,0
M00550,2025-04-10,Micro,Direct,Food & Beverage,Hong Kong,Activated,2025-04-27,51,0
M00551,2025-10-25,SME,Partner,Food & Beverage,Hong Kong,Activated,2025-11-05,113,0
M00552,2025-09-19,SME,Partner,E-commerce,United Kingdom,Activated,2025-10-01,122,0
M00553,2025-12-08,Micro,Direct,E-commerce,Hong Kong,Lead,,0,0
M00554,2025-01-08,SME,Direct,E-commerce,Hong Kong,Activated,2025-01-17,148,1
M00555,2025-06-25,Micro,Direct,E-commerce,Hong Kong,Lead,,0,0
M00556,2025-06-16,Micro,Partner,Professional Services,Hong Kong,Qualified,,0,0
M00557,2025-01-04,Enterprise,Paid Search,E-commerce,Australia,Lead,,0,0
M00558,2025-06-26,Enterprise,Direct,Food & Beverage,Hong Kong,Lead,,0,0
M00559,2025-01-26,Micro,Direct,Retail,Hong Kong,Activated,2025-02-06,35,0
M00560,2025-07-11,Micro,Partner,Food & Beverage,Hong Kong,Activated,2025-07-26,53,0
M00561,2025-04-08,Enterprise,Partner,E-commerce,Hong Kong,Approved,,0,0
M00562,2025-05-05,Enterprise,Paid Search,Food & Beverage,Hong Kong,Activated,2025-05-13,527,0
M00563,2025-08-27,Micro,Direct,Retail,Hong Kong,Lead,,0,0
M00564,2025-07-14,SME,Paid Search,E-commerce,Hong Kong,Approved,,0,0
M00565,2025-10-07,SME,Partner,Retail,Hong Kong,Activated,2025-10-19,173,0
M00566,2025-07-14,SME,Partner,Retail,Hong Kong,Activated,2025-07-24,163,1
M00567,2025-03-14,Micro,Referral,Retail,Hong Kong,Lead,,0,0
M00568,2025-11-20,Micro,Direct,Food & Beverage,Hong Kong,Lead,,0,0
M00569,2025-03-05,Micro,Partner,Professional Services,Hong Kong,Lead,,0,0
M00570,2025-03-30,Micro,Direct,Food & Beverage,Hong Kong,Qualified,,0,0
M00571,2025-04-10,Micro,Direct,Food & Beverage,Hong Kong,Qualified,,0,0
M00572,2025-05-09,SME,Direct,Professional Services,United Kingdom,Activated,2025-05-24,104,1
M00573,2025-10-25,SME,Paid Search,Professional Services,Hong Kong,Lead,,0,0
M00574,2025-09-21,Micro,Partner,Retail,Hong Kong,Activated,2025-10-02,44,0
M00575,2025-04-25,Micro,Partner,E-commerce,Hong Kong,Qualified,,0,0
M00576,2025-10-19,Micro,Paid Search,Retail,Singapore,Approved,,0,0
M00577,2025-12-04,Micro,Partner,Food & Beverage,Hong Kong,Activated,2025-12-15,42,0
M00578,2025-05-06,Micro,Direct,E-commerce,Hong Kong,Approved,,0,0
M00579,2025-07-29,Micro,Direct,Professional Services,Hong Kong,Activated,2025-08-13,37,0
M00580,2025-12-24,SME,Direct,E-commerce,Hong Kong,Activated,2026-01-05,103,0
M00581,2025-11-15,Micro,Direct,Retail,Hong Kong,Activated,2025-11-26,25,0
M00582,2025-09-03,SME,Paid Search,Retail,Hong Kong,Approved,,0,0
M00583,2025-07-16,SME,Direct,Food & Beverage,Hong Kong,Activated,2025-08-06,110,0
M00584,2025-12-20,Micro,Partner,Food & Beverage,Hong Kong,Lead,,0,0
M00585,2025-06-16,Micro,Direct,E-commerce,Hong Kong,Activated,2025-06-28,53,0
M00586,2025-12-12,Micro,Partner,Professional Services,Hong Kong,Qualified,,0,0
M00587,2025-08-18,Enterprise,Direct,Retail,Hong Kong,Lead,,0,0
M00588,2025-06-10,SME,Direct,E-commerce,Hong Kong,Activated,2025-06-18,207,1
M00589,2025-01-29,SME,Direct,E-commerce,Hong Kong,Activated,2025-02-06,167,0
M00590,2025-09-02,SME,Paid Search,Food & Beverage,Hong Kong,Lead,,0,0
M00591,2025-12-10,Micro,Referral,Professional Services,Hong Kong,Approved,,0,0
M00592,2025-07-30,Micro,Direct,Food & Beverage,Hong Kong,Qualified,,0,0
M00593,2025-04-16,Enterprise,Paid Search,Retail,Hong Kong,Activated,2025-04-24,230,1
M00594,2025-08-11,SME,Direct,E-commerce,Hong Kong,Activated,2025-09-03,135,0
M00595,2025-02-02,SME,Direct,Retail,Hong Kong,Approved,,0,0
M00596,2025-12-15,Micro,Paid Search,Food & Beverage,Hong Kong,Qualified,,0,0
M00597,2025-10-10,SME,Referral,Food & Beverage,United Kingdom,Activated,2025-10-23,159,0
M00598,2025-01-24,Micro,Direct,Retail,Australia,Qualified,,0,0
M00599,2025-11-14,Micro,Partner,Food & Beverage,United Kingdom,Activated,2025-11-26,38,0
M00600,2025-08-08,SME,Direct,E-commerce,Hong Kong,Qualified,,0,0
M00601,2025-10-06,SME,Partner,E-commerce,Hong Kong,Lead,,0,0
M00602,2025-12-21,SME,Direct,E-commerce,Hong Kong,Activated,2026-01-12,144,0
M00603,2025-02-01,SME,Paid Search,Professional Services,Singapore,Activated,2025-02-19,153,0
M00604,2025-09-12,SME,Partner,Food & Beverage,Hong Kong,Activated,2025-09-23,149,0
M00605,2025-12-07,SME,Direct,Professional Services,Australia,Activated,2025-12-25,116,0
M00606,2025-02-27,Micro,Partner,E-commerce,Singapore,Activated,2025-03-08,66,0
M00607,2025-01-03,Micro,Paid Search,Food & Beverage,Hong Kong,Lead,,0,0
M00608,2025-07-16,Micro,Paid Search,Food & Beverage,Hong Kong,Lead,,0,0
M00609,2025-08-29,Enterprise,Direct,Food & Beverage,Hong Kong,Qualified,,0,0
M00610,2025-08-16,Micro,Referral,Retail,Hong Kong,Activated,2025-08-26,20,0
M00611,2025-12-14,SME,Paid Search,Food & Beverage,Hong Kong,Activated,2025-12-26,97,0
M00612,2025-10-23,SME,Partner,E-commerce,Hong Kong,Activated,2025-11-01,126,1
M00613,2025-03-13,Micro,Partner,Retail,Hong Kong,Qualified,,0,0
M00614,2025-07-08,Micro,Direct,Professional Services,United Kingdom,Lead,,0,0
M00615,2025-02-20,SME,Paid Search,E-commerce,Singapore,Lead,,0,0
M00616,2025-03-21,Enterprise,Partner,E-commerce,Hong Kong,Lead,,0,0
M00617,2025-06-08,Enterprise,Partner,Retail,Hong Kong,Activated,2025-06-20,576,0
M00618,2025-10-29,Micro,Paid Search,Food & Beverage,Hong Kong,Qualified,,0,0
M00619,2025-10-08,Micro,Partner,Retail,Hong Kong,Lead,,0,0
M00620,2025-02-15,Micro,Referral,Retail,Hong Kong,Activated,2025-02-20,47,0
M00621,2025-08-21,SME,Direct,Retail,Hong Kong,Activated,2025-09-17,117,0
M00622,2025-05-27,SME,Direct,Professional Services,Hong Kong,Qualified,,0,0
M00623,2025-06-18,Micro,Direct,Professional Services,Hong Kong,Activated,2025-07-09,78,0
M00624,2025-04-02,Micro,Partner,Retail,Hong Kong,Lead,,0,0
M00625,2025-08-30,SME,Direct,Professional Services,Hong Kong,Activated,2025-09-10,109,0
M00626,2025-04-12,Micro,Paid Search,E-commerce,Hong Kong,Activated,2025-05-02,31,0
M00627,2025-12-15,Micro,Partner,Professional Services,Hong Kong,Qualified,,0,0
M00628,2025-08-23,Micro,Paid Search,E-commerce,Hong Kong,Lead,,0,0
M00629,2025-08-29,SME,Direct,Food & Beverage,Hong Kong,Activated,2025-09-09,96,0
M00630,2025-02-26,Micro,Paid Search,Retail,Hong Kong,Activated,2025-03-09,53,0
M00631,2025-10-18,Micro,Partner,Retail,Hong Kong,Activated,2025-10-28,46,0
M00632,2025-02-21,SME,Paid Search,E-commerce,Hong Kong,Lead,,0,0
M00633,2025-10-17,SME,Paid Search,Food & Beverage,Hong Kong,Approved,,0,0
M00634,2025-11-03,Micro,Partner,E-commerce,Hong Kong,Activated,2025-11-12,40,0
M00635,2025-11-20,Micro,Partner,Food & Beverage,Hong Kong,Activated,2025-11-29,71,0
M00636,2025-08-06,Micro,Direct,E-commerce,Hong Kong,Approved,,0,0
M00637,2025-07-15,SME,Partner,Professional Services,Hong Kong,Approved,,0,0
M00638,2025-05-29,Micro,Direct,Retail,Australia,Lead,,0,0
M00639,2025-10-06,SME,Direct,Retail,Hong Kong,Activated,2025-10-24,251,0
M00640,2025-10-19,Micro,Paid Search,Food & Beverage,Singapore,Activated,2025-10-28,6,0
M00641,2025-11-20,Micro,Direct,Food & Beverage,United Kingdom,Activated,2025-11-28,32,0
M00642,2025-03-11,Micro,Paid Search,Food & Beverage,Hong Kong,Approved,,0,0
M00643,2025-01-04,Micro,Referral,Professional Services,Hong Kong,Activated,2025-01-15,32,1
M00644,2025-06-04,SME,Partner,E-commerce,Hong Kong,Activated,2025-06-15,155,1
M00645,2025-07-30,Enterprise,Partner,Professional Services,United Kingdom,Activated,2025-08-15,360,1
M00646,2025-08-17,SME,Direct,Retail,Hong Kong,Activated,2025-09-04,143,1
M00647,2025-06-02,Micro,Referral,E-commerce,Hong Kong,Activated,2025-06-14,21,0
M00648,2025-11-05,Micro,Partner,Retail,Hong Kong,Approved,,0,0
M00649,2025-01-01,SME,Referral,E-commerce,Singapore,Lead,,0,0
M00650,2025-04-09,Micro,Paid Search,Food & Beverage,Hong Kong,Qualified,,0,0
M00651,2025-06-19,SME,Partner,Professional Services,Hong Kong,Approved,,0,0
M00652,2025-10-11,Enterprise,Direct,Food & Beverage,Australia,Activated,2025-10-23,256,0
M00653,2025-08-01,SME,Direct,E-commerce,Singapore,Qualified,,0,0
M00654,2025-01-24,Micro,Partner,Professional Services,Singapore,Lead,,0,0
M00655,2025-10-12,SME,Partner,Food & Beverage,Hong Kong,Activated,2025-10-21,41,0
M00656,2025-03-07,Micro,Paid Search,Professional Services,Hong Kong,Qualified,,0,0
M00657,2025-03-22,SME,Direct,Retail,Singapore,Lead,,0,0
M00658,2025-12-10,Micro,Direct,E-commerce,Hong Kong,Lead,,0,0
M00659,2025-09-30,SME,Paid Search,Food & Beverage,Hong Kong,Activated,2025-10-12,169,0
M00660,2025-05-04,Micro,Direct,E-commerce,Hong Kong,Lead,,0,0
M00661,2025-11-04,Micro,Partner,Professional Services,Hong Kong,Activated,2025-11-10,59,1
M00662,2025-01-09,Micro,Direct,E-commerce,Hong Kong,Activated,2025-01-23,36,0
M00663,2025-01-17,Micro,Partner,Professional Services,Singapore,Activated,2025-02-04,33,0
M00664,2025-11-10,Micro,Referral,Professional Services,Hong Kong,Activated,2025-11-20,3,0
M00665,2025-05-07,Micro,Partner,Retail,Hong Kong,Activated,2025-05-14,26,0
M00666,2025-01-12,Micro,Paid Search,E-commerce,Hong Kong,Approved,,0,0
M00667,2025-02-06,Micro,Paid Search,Food & Beverage,Hong Kong,Activated,2025-02-13,36,0
M00668,2025-01-03,SME,Direct,Professional Services,Hong Kong,Approved,,0,0
M00669,2025-08-09,Micro,Paid Search,E-commerce,Hong Kong,Approved,,0,0
M00670,2025-09-18,SME,Direct,Retail,Hong Kong,Activated,2025-09-28,86,0
M00671,2025-10-23,SME,Direct,Food & Beverage,Hong Kong,Lead,,0,0
M00672,2025-11-02,SME,Paid Search,Food & Beverage,Hong Kong,Lead,,0,0
M00673,2025-02-16,Micro,Direct,Retail,Hong Kong,Approved,,0,0
M00674,2025-05-25,Micro,Partner,Food & Beverage,Hong Kong,Approved,,0,0
M00675,2025-01-28,Enterprise,Direct,Retail,Singapore,Activated,2025-02-09,389,0
M00676,2025-03-27,Micro,Referral,Professional Services,Hong Kong,Activated,2025-04-05,18,0
M00677,2025-12-24,Micro,Partner,Food & Beverage,Hong Kong,Activated,2026-01-10,29,0
M00678,2025-10-12,SME,Paid Search,Food & Beverage,United Kingdom,Activated,2025-10-24,108,0
M00679,2025-06-27,Enterprise,Paid Search,Professional Services,Hong Kong,Approved,,0,0
M00680,2025-10-05,Micro,Paid Search,E-commerce,Hong Kong,Activated,2025-10-25,44,1
M00681,2025-03-27,SME,Paid Search,Food & Beverage,Hong Kong,Activated,2025-04-09,189,0
M00682,2025-12-20,Micro,Partner,Food & Beverage,Hong Kong,Activated,2025-12-30,39,0
M00683,2025-01-20,SME,Paid Search,E-commerce,Hong Kong,Lead,,0,0
M00684,2025-08-30,Micro,Referral,Professional Services,Hong Kong,Qualified,,0,0
M00685,2025-11-26,Enterprise,Paid Search,Professional Services,Hong Kong,Qualified,,0,0
M00686,2025-12-29,SME,Direct,E-commerce,Hong Kong,Approved,,0,0
M00687,2025-07-17,Enterprise,Partner,Food & Beverage,United Kingdom,Activated,2025-07-29,550,0
M00688,2025-02-27,Micro,Direct,Retail,Hong Kong,Activated,2025-03-09,42,0
M00689,2025-12-21,SME,Partner,Professional Services,Hong Kong,Activated,2025-12-28,129,0
M00690,2025-02-21,SME,Direct,Retail,Hong Kong,Qualified,,0,0
M00691,2025-01-14,Micro,Paid Search,Professional Services,Hong Kong,Activated,2025-01-29,46,0
M00692,2025-09-04,SME,Referral,Retail,Hong Kong,Lead,,0,0
M00693,2025-05-01,Micro,Paid Search,E-commerce,Hong Kong,Activated,2025-05-06,23,0
M00694,2025-08-27,SME,Paid Search,Professional Services,Hong Kong,Lead,,0,0
M00695,2025-03-29,Micro,Direct,Food & Beverage,Hong Kong,Approved,,0,0
M00696,2025-12-07,SME,Direct,Professional Services,Hong Kong,Lead,,0,0
M00697,2025-05-31,Micro,Direct,Retail,Hong Kong,Activated,2025-06-11,9,0
M00698,2025-06-21,Micro,Paid Search,Food & Beverage,Hong Kong,Lead,,0,0
M00699,2025-09-18,SME,Direct,E-commerce,United Kingdom,Activated,2025-10-04,191,0
M00700,2025-05-14,SME,Partner,Retail,Hong Kong,Approved,,0,0
M00701,2025-06-06,SME,Paid Search,Food & Beverage,Hong Kong,Qualified,,0,0
M00702,2025-08-16,Micro,Paid Search,Professional Services,Hong Kong,Lead,,0,0
M00703,2025-06-17,SME,Direct,Professional Services,Hong Kong,Approved,,0,0
M00704,2025-01-29,Micro,Paid Search,E-commerce,Hong Kong,Qualified,,0,0
M00705,2025-06-24,Micro,Partner,Professional Services,Hong Kong,Activated,2025-07-04,69,0
M00706,2025-03-31,SME,Partner,E-commerce,Hong Kong,Activated,2025-04-12,123,0
M00707,2025-09-26,SME,Partner,E-commerce,Singapore,Lead,,0,0
M00708,2025-01-24,Enterprise,Paid Search,Retail,Hong Kong,Lead,,0,0
M00709,2025-03-02,SME,Paid Search,E-commerce,Australia,Lead,,0,0
M00710,2025-05-23,Enterprise,Paid Search,E-commerce,United Kingdom,Lead,,0,0
M00711,2025-10-23,Micro,Direct,Food & Beverage,Australia,Lead,,0,0
M00712,2025-03-19,SME,Referral,Retail,Hong Kong,Activated,2025-04-07,86,0
M00713,2025-08-10,Micro,Direct,E-commerce,Hong Kong,Approved,,0,0
M00714,2025-08-17,Micro,Paid Search,Professional Services,Singapore,Qualified,,0,0
M00715,2025-11-07,Micro,Paid Search,Food & Beverage,Hong Kong,Approved,,0,0
M00716,2025-03-16,Micro,Paid Search,Food & Beverage,Hong Kong,Activated,2025-03-24,28,0
M00717,2025-05-03,Micro,Direct,Retail,Hong Kong,Activated,2025-05-13,46,0
M00718,2025-09-25,SME,Paid Search,Professional Services,Hong Kong,Activated,2025-10-09,112,0
M00719,2025-03-19,SME,Partner,Professional Services,Hong Kong,Activated,2025-04-02,172,0
M00720,2025-07-15,Micro,Paid Search,Retail,Hong Kong,Lead,,0,0
M00721,2025-03-27,Micro,Direct,Retail,Hong Kong,Activated,2025-04-05,45,0
M00722,2025-10-26,Micro,Partner,Retail,Hong Kong,Activated,2025-11-11,89,0
M00723,2025-11-12,Micro,Partner,E-commerce,Hong Kong,Activated,2025-11-24,54,1
M00724,2025-10-05,SME,Paid Search,E-commerce,Hong Kong,Activated,2025-10-31,116,0
M00725,2025-01-08,Micro,Referral,Food & Beverage,Hong Kong,Activated,2025-01-18,40,0
M00726,2025-08-27,Micro,Partner,Retail,Hong Kong,Activated,2025-09-13,28,0
M00727,2025-09-23,SME,Paid Search,Retail,Hong Kong,Lead,,0,0
M00728,2025-11-03,Micro,Partner,Food & Beverage,Hong Kong,Activated,2025-11-17,54,0
M00729,2025-05-09,Micro,Direct,Food & Beverage,Hong Kong,Activated,2025-05-25,25,0
M00730,2025-11-04,SME,Referral,Professional Services,Hong Kong,Lead,,0,0
M00731,2025-03-08,Micro,Direct,Professional Services,Hong Kong,Activated,2025-03-21,47,0
M00732,2025-08-24,Enterprise,Partner,Food & Beverage,Hong Kong,Activated,2025-09-08,417,0
M00733,2025-11-03,SME,Paid Search,E-commerce,Hong Kong,Activated,2025-11-11,113,1
M00734,2025-05-21,Micro,Partner,Professional Services,Hong Kong,Lead,,0,0
M00735,2025-12-07,Micro,Partner,Food & Beverage,Hong Kong,Qualified,,0,0
M00736,2025-03-28,SME,Direct,Professional Services,Hong Kong,Lead,,0,0
M00737,2025-10-21,Micro,Paid Search,Professional Services,Singapore,Activated,2025-11-01,40,0
M00738,2025-12-11,SME,Direct,E-commerce,Hong Kong,Approved,,0,0
M00739,2025-01-28,Micro,Partner,E-commerce,United Kingdom,Lead,,0,0
M00740,2025-01-02,SME,Partner,Professional Services,Hong Kong,Activated,2025-01-14,221,0
M00741,2025-01-13,Micro,Partner,Retail,Hong Kong,Approved,,0,0
M00742,2025-10-08,SME,Referral,E-commerce,Hong Kong,Activated,2025-10-24,84,0
M00743,2025-11-21,Enterprise,Partner,Professional Services,Australia,Activated,2025-11-29,156,0
M00744,2025-05-12,Enterprise,Paid Search,E-commerce,Hong Kong,Lead,,0,0
M00745,2025-03-20,SME,Referral,Retail,Hong Kong,Approved,,0,0
M00746,2025-12-16,SME,Paid Search,Professional Services,Hong Kong,Lead,,0,0
M00747,2025-08-18,Micro,Direct,Food & Beverage,Hong Kong,Qualified,,0,0
M00748,2025-01-29,Micro,Paid Search,Retail,Hong Kong,Activated,2025-02-22,45,0
M00749,2025-07-26,Micro,Paid Search,Retail,Hong Kong,Activated,2025-08-09,37,1
M00750,2025-06-07,SME,Direct,E-commerce,Australia,Approved,,0,0
M00751,2025-02-25,Micro,Direct,Retail,Hong Kong,Lead,,0,0
M00752,2025-01-03,Enterprise,Direct,Professional Services,Hong Kong,Activated,2025-01-30,845,0
M00753,2025-07-18,Micro,Direct,E-commerce,Hong Kong,Lead,,0,0
M00754,2025-01-31,SME,Partner,E-commerce,Hong Kong,Approved,,0,0
M00755,2025-09-15,SME,Partner,Professional Services,Hong Kong,Activated,2025-09-25,250,0
M00756,2025-11-24,SME,Direct,Professional Services,Hong Kong,Qualified,,0,0
M00757,2025-08-28,Micro,Referral,Retail,Australia,Activated,2025-09-14,38,0
M00758,2025-12-29,Micro,Partner,E-commerce,Hong Kong,Activated,2026-01-11,33,0
M00759,2025-02-08,Micro,Direct,Retail,Hong Kong,Lead,,0,0
M00760,2025-09-26,Micro,Partner,E-commerce,Hong Kong,Activated,2025-10-04,37,0
M00761,2025-12-09,Micro,Partner,Professional Services,Hong Kong,Activated,2025-12-15,51,0
M00762,2025-11-01,Micro,Direct,E-commerce,Hong Kong,Qualified,,0,0
M00763,2025-02-23,Micro,Direct,Retail,United Kingdom,Qualified,,0,0
M00764,2025-09-03,Micro,Partner,Professional Services,Hong Kong,Approved,,0,0
M00765,2025-10-30,Micro,Partner,E-commerce,Hong Kong,Activated,2025-11-27,40,0
M00766,2025-11-18,Micro,Direct,Professional Services,Hong Kong,Activated,2025-12-02,37,0
M00767,2025-10-16,SME,Paid Search,E-commerce,Hong Kong,Lead,,0,0
M00768,2025-06-13,Micro,Direct,Professional Services,Hong Kong,Approved,,0,0
M00769,2025-01-23,SME,Referral,Professional Services,United Kingdom,Activated,2025-01-30,190,0
M00770,2025-07-19,Micro,Direct,Retail,Hong Kong,Lead,,0,0
M00771,2025-02-17,SME,Paid Search,Retail,United Kingdom,Approved,,0,0
M00772,2025-06-12,SME,Direct,Retail,Hong Kong,Activated,2025-06-28,142,0
M00773,2025-09-22,Micro,Direct,Retail,Hong Kong,Qualified,,0,0
M00774,2025-09-30,Micro,Direct,Professional Services,Hong Kong,Lead,,0,0
M00775,2025-06-09,Micro,Direct,Retail,Hong Kong,Lead,,0,0
M00776,2025-07-26,SME,Paid Search,E-commerce,Hong Kong,Approved,,0,0
M00777,2025-12-21,SME,Referral,Food & Beverage,Hong Kong,Qualified,,0,0
M00778,2025-06-11,SME,Direct,E-commerce,Hong Kong,Lead,,0,0
M00779,2025-09-19,Micro,Paid Search,Professional Services,Hong Kong,Qualified,,0,0
M00780,2025-11-04,SME,Paid Search,Retail,Hong Kong,Lead,,0,0
M00781,2025-10-27,SME,Direct,Retail,United Kingdom,Activated,2025-11-04,172,0
M00782,2025-07-16,SME,Paid Search,E-commerce,Hong Kong,Activated,2025-07-24,120,0
M00783,2025-07-12,Micro,Paid Search,Retail,United Kingdom,Activated,2025-07-18,32,0
M00784,2025-10-31,Micro,Paid Search,E-commerce,United Kingdom,Activated,2025-11-22,38,0
M00785,2025-10-18,SME,Paid Search,Food & Beverage,Hong Kong,Lead,,0,0
M00786,2025-10-18,SME,Direct,Food & Beverage,Singapore,Activated,2025-10-27,50,0
M00787,2025-06-12,SME,Direct,E-commerce,Hong Kong,Qualified,,0,0
M00788,2025-12-09,Micro,Paid Search,Retail,Hong Kong,Lead,,0,0
M00789,2025-04-07,SME,Direct,Professional Services,Hong Kong,Activated,2025-04-13,60,0
M00790,2025-07-03,Micro,Referral,E-commerce,Hong Kong,Approved,,0,0
M00791,2025-11-17,SME,Partner,Food & Beverage,Singapore,Activated,2025-12-01,70,0
M00792,2025-05-11,Enterprise,Paid Search,Food & Beverage,United Kingdom,Lead,,0,0
M00793,2025-05-16,SME,Direct,Retail,Hong Kong,Approved,,0,0
M00794,2025-11-24,Micro,Partner,Retail,Hong Kong,Approved,,0,0
M00795,2025-09-11,Enterprise,Paid Search,Retail,Hong Kong,Activated,2025-09-28,297,0
M00796,2025-07-15,Micro,Partner,Retail,Singapore,Lead,,0,0
M00797,2025-02-07,SME,Referral,Retail,Australia,Approved,,0,0
M00798,2025-04-05,Micro,Partner,Professional Services,Hong Kong,Activated,2025-04-17,26,0
M00799,2025-06-13,Micro,Referral,Professional Services,Hong Kong,Activated,2025-06-22,49,0
M00800,2025-07-30,SME,Direct,Professional Services,Hong Kong,Activated,2025-08-06,134,0
M00801,2025-07-18,Micro,Referral,Retail,Hong Kong,Activated,2025-08-09,40,1
M00802,2025-02-18,Micro,Direct,Food & Beverage,Hong Kong,Lead,,0,0
M00803,2025-10-09,SME,Paid Search,E-commerce,Hong Kong,Lead,,0,0
M00804,2025-08-02,Micro,Paid Search,Retail,Hong Kong,Lead,,0,0
M00805,2025-02-12,SME,Direct,Professional Services,Hong Kong,Approved,,0,0
M00806,2025-12-04,Micro,Paid Search,Professional Services,Hong Kong,Activated,2025-12-17,57,0
M00807,2025-09-21,Micro,Partner,Retail,Singapore,Activated,2025-09-29,17,0
M00808,2025-08-06,Micro,Direct,Food & Beverage,Hong Kong,Activated,2025-09-04,29,0
M00809,2025-10-23,Enterprise,Paid Search,Retail,Hong Kong,Activated,2025-11-04,62,0
M00810,2025-02-10,Micro,Paid Search,Professional Services,Hong Kong,Lead,,0,0
M00811,2025-02-15,Enterprise,Direct,Retail,Hong Kong,Activated,2025-03-07,466,0
M00812,2025-08-09,Micro,Referral,Professional Services,United Kingdom,Approved,,0,0
M00813,2025-11-22,Micro,Direct,E-commerce,Hong Kong,Activated,2025-12-02,31,0
M00814,2025-02-01,Micro,Partner,Food & Beverage,Hong Kong,Activated,2025-02-15,41,0
M00815,2025-02-14,Enterprise,Referral,Professional Services,Hong Kong,Activated,2025-03-06,613,0
M00816,2025-10-24,Micro,Paid Search,Retail,Hong Kong,Qualified,,0,0
M00817,2025-12-21,Enterprise,Paid Search,Professional Services,Hong Kong,Activated,2025-12-26,358,0
M00818,2025-04-20,Micro,Paid Search,Food & Beverage,Hong Kong,Lead,,0,0
M00819,2025-11-17,Micro,Partner,Retail,Hong Kong,Activated,2025-11-25,29,0
M00820,2025-10-16,SME,Partner,Food & Beverage,Hong Kong,Activated,2025-10-25,102,0
M00821,2025-01-17,SME,Direct,E-commerce,Hong Kong,Activated,2025-01-26,97,0
M00822,2025-04-22,Micro,Paid Search,Retail,Hong Kong,Lead,,0,0
M00823,2025-03-28,SME,Partner,Food & Beverage,Hong Kong,Activated,2025-04-08,149,0
M00824,2025-10-21,Micro,Paid Search,Retail,Hong Kong,Lead,,0,0
M00825,2025-11-19,Micro,Partner,Retail,Singapore,Qualified,,0,0
M00826,2025-08-10,Micro,Paid Search,Professional Services,Hong Kong,Lead,,0,0
M00827,2025-12-11,Micro,Direct,Food & Beverage,Hong Kong,Lead,,0,0
M00828,2025-11-20,Micro,Paid Search,Retail,Hong Kong,Lead,,0,0
M00829,2025-08-28,SME,Partner,Retail,Hong Kong,Activated,2025-09-07,126,1
M00830,2025-06-02,Micro,Partner,E-commerce,Hong Kong,Activated,2025-06-10,58,0
M00831,2025-11-06,Micro,Direct,Food & Beverage,Hong Kong,Activated,2025-11-20,31,0
M00832,2025-11-20,Enterprise,Paid Search,Professional Services,Hong Kong,Lead,,0,0
M00833,2025-12-18,Enterprise,Paid Search,E-commerce,Hong Kong,Activated,2026-01-03,444,0
M00834,2025-05-11,SME,Partner,Food & Beverage,Hong Kong,Activated,2025-05-20,159,0
M00835,2025-09-23,Micro,Paid Search,Retail,Singapore,Lead,,0,0
M00836,2025-11-28,SME,Direct,Retail,Hong Kong,Approved,,0,0
M00837,2025-07-29,SME,Direct,Retail,Hong Kong,Activated,2025-08-06,261,0
M00838,2025-02-21,Micro,Partner,Food & Beverage,Hong Kong,Activated,2025-03-03,45,0
M00839,2025-10-25,SME,Partner,E-commerce,Hong Kong,Qualified,,0,0
M00840,2025-06-28,SME,Partner,Food & Beverage,Hong Kong,Lead,,0,0
M00841,2025-12-30,Micro,Paid Search,Food & Beverage,Hong Kong,Activated,2026-02-07,16,0
M00842,2025-02-10,SME,Paid Search,Food & Beverage,Hong Kong,Qualified,,0,0
M00843,2025-01-29,Micro,Paid Search,E-commerce,Hong Kong,Lead,,0,0
M00844,2025-03-31,SME,Direct,Retail,Hong Kong,Activated,2025-04-16,158,0
M00845,2025-06-02,Enterprise,Direct,E-commerce,Hong Kong,Activated,2025-06-22,554,0
M00846,2025-04-19,Micro,Direct,Professional Services,United Kingdom,Activated,2025-04-30,63,0
M00847,2025-04-17,Micro,Paid Search,Food & Beverage,Hong Kong,Lead,,0,0
M00848,2025-05-28,SME,Partner,Retail,Hong Kong,Activated,2025-06-05,230,0
M00849,2025-01-09,Micro,Partner,E-commerce,Hong Kong,Activated,2025-01-23,47,0
M00850,2025-11-18,Micro,Paid Search,Retail,Singapore,Lead,,0,0
M00851,2025-12-11,Enterprise,Paid Search,E-commerce,Singapore,Activated,2026-01-09,516,0
M00852,2025-07-25,Enterprise,Direct,Retail,Hong Kong,Lead,,0,0
M00853,2025-02-28,Micro,Referral,Professional Services,Hong Kong,Lead,,0,0
M00854,2025-10-30,Enterprise,Direct,Professional Services,Hong Kong,Qualified,,0,0
M00855,2025-05-03,Micro,Direct,E-commerce,Hong Kong,Lead,,0,0
M00856,2025-08-20,Micro,Partner,Retail,Hong Kong,Activated,2025-09-02,18,0
M00857,2025-01-19,SME,Paid Search,Retail,Australia,Qualified,,0,0
M00858,2025-02-25,SME,Partner,Retail,Hong Kong,Approved,,0,0
M00859,2025-07-07,Micro,Partner,Professional Services,Hong Kong,Activated,2025-07-16,19,0
M00860,2025-03-18,Micro,Direct,E-commerce,Hong Kong,Qualified,,0,0
M00861,2025-05-12,SME,Referral,Retail,Hong Kong,Qualified,,0,0
M00862,2025-02-07,SME,Direct,Food & Beverage,Hong Kong,Activated,2025-02-20,157,0
M00863,2025-06-19,Enterprise,Direct,E-commerce,Hong Kong,Activated,2025-07-17,248,1
M00864,2025-08-09,SME,Direct,E-commerce,Hong Kong,Lead,,0,0
M00865,2025-03-13,Enterprise,Direct,Food & Beverage,Hong Kong,Approved,,0,0
M00866,2025-08-15,Enterprise,Direct,Professional Services,Hong Kong,Approved,,0,0
M00867,2025-04-07,SME,Partner,Professional Services,Hong Kong,Qualified,,0,0
M00868,2025-10-01,Enterprise,Referral,Retail,United Kingdom,Qualified,,0,0
M00869,2025-01-03,SME,Direct,E-commerce,Hong Kong,Activated,2025-01-17,152,0
M00870,2025-12-01,Micro,Paid Search,Retail,Hong Kong,Lead,,0,0
M00871,2025-09-10,Enterprise,Referral,Professional Services,Hong Kong,Lead,,0,0
M00872,2025-06-29,SME,Paid Search,E-commerce,Hong Kong,Activated,2025-07-15,210,0
M00873,2025-04-09,Micro,Paid Search,E-commerce,Hong Kong,Lead,,0,0
M00874,2025-01-26,Micro,Direct,Food & Beverage,Hong Kong,Lead,,0,0
M00875,2025-01-12,SME,Paid Search,E-commerce,Australia,Activated,2025-01-19,168,0
M00876,2025-08-20,Micro,Paid Search,Food & Beverage,Hong Kong,Lead,,0,0
M00877,2025-01-02,Micro,Referral,Professional Services,Hong Kong,Lead,,0,0
M00878,2025-07-13,Enterprise,Direct,E-commerce,Hong Kong,Lead,,0,0
M00879,2025-02-06,Micro,Partner,Food & Beverage,Hong Kong,Lead,,0,0
M00880,2025-05-11,Micro,Partner,Food & Beverage,Singapore,Activated,2025-05-20,62,0
M00881,2025-10-15,Micro,Partner,Retail,Hong Kong,Approved,,0,0
M00882,2025-05-13,Micro,Partner,E-commerce,Hong Kong,Approved,,0,0
M00883,2025-10-14,SME,Direct,Food & Beverage,Hong Kong,Lead,,0,0
M00884,2025-07-01,Micro,Partner,E-commerce,Hong Kong,Activated,2025-07-12,45,0
M00885,2025-09-03,SME,Referral,E-commerce,Hong Kong,Activated,2025-09-13,198,0
M00886,2025-06-23,Micro,Paid Search,Professional Services,Singapore,Lead,,0,0
M00887,2025-08-30,Micro,Direct,Professional Services,Hong Kong,Lead,,0,0
M00888,2025-09-04,Micro,Paid Search,Professional Services,Hong Kong,Lead,,0,0
M00889,2025-09-29,SME,Paid Search,Food & Beverage,Hong Kong,Qualified,,0,0
M00890,2025-02-28,SME,Partner,Retail,Australia,Approved,,0,0
M00891,2025-03-05,SME,Direct,Professional Services,Hong Kong,Approved,,0,0
M00892,2025-10-17,Micro,Paid Search,Professional Services,Australia,Lead,,0,0
M00893,2025-01-25,Micro,Direct,Professional Services,Hong Kong,Approved,,0,0
M00894,2025-05-18,Micro,Direct,Food & Beverage,Hong Kong,Qualified,,0,0
M00895,2025-06-10,Micro,Direct,Retail,Hong Kong,Qualified,,0,0
M00896,2025-07-17,Enterprise,Paid Search,Retail,Hong Kong,Lead,,0,0
M00897,2025-04-07,Micro,Direct,Professional Services,Singapore,Approved,,0,0
M00898,2025-02-11,SME,Direct,Retail,Hong Kong,Activated,2025-02-19,112,0
M00899,2025-07-06,SME,Partner,Retail,Hong Kong,Qualified,,0,0
M00900,2025-08-06,SME,Paid Search,Food & Beverage,Hong Kong,Approved,,0,0
M00901,2025-06-22,Micro,Direct,Food & Beverage,Hong Kong,Lead,,0,0
M00902,2025-03-04,Micro,Referral,Retail,Hong Kong,Activated,2025-03-16,31,0
M00903,2025-04-03,Micro,Partner,Retail,Hong Kong,Activated,2025-04-17,45,0
M00904,2025-03-06,Micro,Partner,Food & Beverage,Hong Kong,Qualified,,0,0
M00905,2025-08-31,Micro,Referral,Retail,Hong Kong,Activated,2025-09-07,22,0
M00906,2025-09-21,Micro,Paid Search,Professional Services,Australia,Approved,,0,0
M00907,2025-07-30,Micro,Paid Search,Professional Services,Australia,Activated,2025-08-12,36,0
M00908,2025-12-19,Micro,Paid Search,Professional Services,Singapore,Activated,2025-12-28,33,0
M00909,2025-09-08,Micro,Direct,Professional Services,Singapore,Activated,2025-09-20,35,1
M00910,2025-03-06,Micro,Referral,Professional Services,Hong Kong,Approved,,0,0
M00911,2025-01-15,Micro,Direct,E-commerce,Hong Kong,Approved,,0,0
M00912,2025-03-10,SME,Direct,Professional Services,Singapore,Activated,2025-03-18,75,1
M00913,2025-03-03,SME,Direct,Professional Services,Hong Kong,Lead,,0,0
M00914,2025-08-25,Micro,Direct,Food & Beverage,Hong Kong,Activated,2025-09-04,33,0
M00915,2025-05-11,Micro,Partner,E-commerce,Hong Kong,Qualified,,0,0
M00916,2025-10-02,Micro,Paid Search,Professional Services,Hong Kong,Activated,2025-11-04,62,0
M00917,2025-01-18,SME,Direct,Professional Services,United Kingdom,Activated,2025-02-05,193,0
M00918,2025-11-25,Micro,Direct,Professional Services,Australia,Approved,,0,0
M00919,2025-05-12,Micro,Direct,Retail,Hong Kong,Activated,2025-05-18,34,0
M00920,2025-01-24,Enterprise,Paid Search,Food & Beverage,Hong Kong,Lead,,0,0
M00921,2025-03-17,Micro,Paid Search,Professional Services,Singapore,Lead,,0,0
M00922,2025-02-22,Micro,Direct,E-commerce,Hong Kong,Lead,,0,0
M00923,2025-06-13,SME,Direct,Professional Services,Hong Kong,Activated,2025-06-21,211,0
M00924,2025-02-03,SME,Paid Search,Professional Services,Hong Kong,Activated,2025-02-17,111,1
M00925,2025-03-18,Micro,Paid Search,Food & Beverage,Hong Kong,Activated,2025-04-03,28,0
M00926,2025-05-22,SME,Referral,Food & Beverage,Singapore,Activated,2025-06-07,146,0
M00927,2025-03-02,SME,Partner,Professional Services,Hong Kong,Activated,2025-03-09,147,0
M00928,2025-05-22,Micro,Paid Search,Retail,Hong Kong,Qualified,,0,0
M00929,2025-06-25,Micro,Partner,Retail,Hong Kong,Qualified,,0,0
M00930,2025-05-13,SME,Partner,Food & Beverage,United Kingdom,Activated,2025-06-08,46,0
M00931,2025-08-18,Micro,Partner,Food & Beverage,Hong Kong,Lead,,0,0
M00932,2025-08-06,Micro,Referral,E-commerce,Hong Kong,Qualified,,0,0
M00933,2025-04-24,Micro,Paid Search,Professional Services,Hong Kong,Lead,,0,0
M00934,2025-12-15,Micro,Referral,Professional Services,Hong Kong,Activated,2026-01-06,24,0
M00935,2025-01-06,SME,Direct,E-commerce,United Kingdom,Lead,,0,0
M00936,2025-04-22,Micro,Referral,Professional Services,Hong Kong,Qualified,,0,0
M00937,2025-06-20,Micro,Paid Search,E-commerce,Hong Kong,Activated,2025-07-04,38,0
M00938,2025-04-16,SME,Paid Search,Professional Services,Hong Kong,Lead,,0,0
M00939,2025-12-01,Micro,Direct,E-commerce,Hong Kong,Lead,,0,0
M00940,2025-12-09,SME,Paid Search,Food & Beverage,Hong Kong,Qualified,,0,0
M00941,2025-03-08,Enterprise,Referral,Retail,Hong Kong,Activated,2025-04-03,441,0
M00942,2025-11-27,Micro,Paid Search,Professional Services,Hong Kong,Activated,2025-12-01,17,0
M00943,2025-03-27,Micro,Direct,Retail,Hong Kong,Lead,,0,0
M00944,2025-09-02,SME,Paid Search,Professional Services,Hong Kong,Lead,,0,0
M00945,2025-08-20,Enterprise,Referral,E-commerce,Hong Kong,Activated,2025-09-10,549,1
M00946,2025-09-26,Micro,Paid Search,Retail,Hong Kong,Approved,,0,0
M00947,2025-04-20,SME,Partner,E-commerce,Hong Kong,Activated,2025-05-09,180,0
M00948,2025-03-09,Micro,Paid Search,Food & Beverage,Hong Kong,Approved,,0,0
M00949,2025-09-04,Micro,Paid Search,E-commerce,Hong Kong,Lead,,0,0
M00950,2025-04-17,SME,Paid Search,Retail,Hong Kong,Activated,2025-05-02,61,0
M00951,2025-06-28,SME,Direct,Retail,Hong Kong,Approved,,0,0
M00952,2025-10-25,SME,Paid Search,Food & Beverage,Hong Kong,Lead,,0,0
M00953,2025-01-16,SME,Direct,Retail,Singapore,Activated,2025-01-26,190,0
M00954,2025-05-17,Micro,Paid Search,Retail,Hong Kong,Qualified,,0,0
M00955,2025-09-23,SME,Referral,Food & Beverage,Australia,Activated,2025-10-08,148,0
M00956,2025-04-05,Micro,Partner,Food & Beverage,Singapore,Lead,,0,0
M00957,2025-12-05,Micro,Direct,E-commerce,Hong Kong,Qualified,,0,0
M00958,2025-01-16,Micro,Direct,E-commerce,Hong Kong,Lead,,0,0
M00959,2025-11-14,Micro,Referral,Professional Services,Hong Kong,Qualified,,0,0
M00960,2025-03-27,Micro,Paid Search,Retail,United Kingdom,Lead,,0,0
M00961,2025-04-09,SME,Referral,E-commerce,Hong Kong,Approved,,0,0
M00962,2025-05-04,Micro,Partner,Professional Services,Hong Kong,Activated,2025-05-09,29,0
M00963,2025-08-04,Micro,Paid Search,E-commerce,Australia,Lead,,0,0
M00964,2025-09-04,Micro,Direct,Retail,Hong Kong,Activated,2025-09-11,46,0
M00965,2025-02-04,SME,Partner,Food & Beverage,Hong Kong,Lead,,0,0
M00966,2025-09-13,SME,Direct,Professional Services,Singapore,Activated,2025-09-26,51,0
M00967,2025-03-16,Micro,Direct,Food & Beverage,Hong Kong,Activated,2025-04-07,59,0
M00968,2025-11-22,SME,Partner,Food & Beverage,Hong Kong,Activated,2025-12-03,83,0
M00969,2025-11-27,Micro,Partner,E-commerce,Hong Kong,Activated,2025-12-05,17,0
M00970,2025-02-18,Micro,Paid Search,Professional Services,Hong Kong,Lead,,0,0
M00971,2025-01-18,Enterprise,Direct,Food & Beverage,Hong Kong,Activated,2025-02-04,175,0
M00972,2025-05-22,Micro,Partner,Food & Beverage,Hong Kong,Activated,2025-06-04,61,0
M00973,2025-08-29,Enterprise,Paid Search,E-commerce,Hong Kong,Lead,,0,0
M00974,2025-02-05,Micro,Paid Search,Retail,Hong Kong,Activated,2025-02-17,29,0
M00975,2025-05-26,Micro,Direct,Professional Services,Hong Kong,Approved,,0,0
M00976,2025-08-08,SME,Paid Search,Professional Services,Hong Kong,Approved,,0,0
M00977,2025-06-12,SME,Partner,Professional Services,Hong Kong,Activated,2025-06-20,183,0
M00978,2025-08-09,SME,Partner,Retail,Hong Kong,Activated,2025-08-23,150,0
M00979,2025-08-04,Micro,Paid Search,Professional Services,Australia,Activated,2025-08-16,39,0
M00980,2025-12-11,Enterprise,Direct,E-commerce,Hong Kong,Lead,,0,0
M00981,2025-07-01,SME,Paid Search,Food & Beverage,Singapore,Qualified,,0,0
M00982,2025-04-20,SME,Partner,Retail,Hong Kong,Activated,2025-04-26,155,0
M00983,2025-09-29,Micro,Paid Search,E-commerce,Hong Kong,Activated,2025-10-14,54,0
M00984,2025-11-26,SME,Direct,Professional Services,Hong Kong,Activated,2025-12-13,137,0
M00985,2025-05-25,SME,Paid Search,Professional Services,Hong Kong,Activated,2025-06-04,151,0
M00986,2025-12-03,SME,Paid Search,Retail,Hong Kong,Activated,2025-12-12,157,1
M00987,2025-12-05,Micro,Partner,Professional Services,Hong Kong,Activated,2025-12-19,51,0
M00988,2025-04-15,Enterprise,Direct,Retail,Singapore,Activated,2025-05-01,332,0
M00989,2025-09-26,Micro,Direct,Food & Beverage,Hong Kong,Activated,2025-10-09,31,0
M00990,2025-01-09,Enterprise,Referral,Retail,Hong Kong,Activated,2025-01-21,472,0
M00991,2025-04-16,SME,Partner,Food & Beverage,United Kingdom,Lead,,0,0
M00992,2025-05-21,SME,Paid Search,Professional Services,Hong Kong,Lead,,0,0
M00993,2025-12-15,Micro,Partner,Retail,United Kingdom,Activated,2025-12-31,23,0
M00994,2025-01-05,SME,Paid Search,E-commerce,Hong Kong,Lead,,0,0
M00995,2025-02-06,SME,Paid Search,Retail,Singapore,Lead,,0,0
M00996,2025-06-22,SME,Referral,E-commerce,Hong Kong,Lead,,0,0
M00997,2025-10-01,Micro,Partner,Professional Services,Hong Kong,Approved,,0,0
M00998,2025-03-21,Micro,Partner,Retail,Hong Kong,Lead,,0,0
M00999,2025-12-21,Enterprise,Partner,Food & Beverage,Hong Kong,Lead,,0,0
M01000,2025-08-19,SME,Paid Search,Professional Services,Hong Kong,Lead,,0,0
M01001,2025-02-24,Micro,Referral,Retail,Singapore,Qualified,,0,0
M01002,2025-09-05,SME,Referral,Retail,Singapore,Activated,2025-09-13,210,0
M01003,2025-11-12,SME,Referral,Professional Services,Hong Kong,Approved,,0,0
M01004,2025-03-23,Micro,Partner,Food & Beverage,Hong Kong,Approved,,0,0
M01005,2025-12-19,SME,Partner,Retail,Hong Kong,Approved,,0,0
M01006,2025-04-30,SME,Direct,Professional Services,Hong Kong,Activated,2025-05-12,89,0
M01007,2025-10-27,Enterprise,Direct,E-commerce,Hong Kong,Lead,,0,0
M01008,2025-06-04,SME,Paid Search,Retail,Hong Kong,Activated,2025-06-09,36,0
M01009,2025-03-08,SME,Referral,Professional Services,United Kingdom,Activated,2025-03-25,114,1
M01010,2025-12-27,Micro,Direct,Food & Beverage,Hong Kong,Qualified,,0,0
M01011,2025-11-10,Micro,Partner,Professional Services,Hong Kong,Activated,2025-11-22,47,0
M01012,2025-04-07,SME,Partner,Retail,Hong Kong,Lead,,0,0
M01013,2025-05-31,Micro,Partner,Professional Services,United Kingdom,Activated,2025-06-11,46,0
M01014,2025-09-25,Micro,Partner,Retail,Hong Kong,Qualified,,0,0
M01015,2025-04-02,Micro,Partner,E-commerce,United Kingdom,Qualified,,0,0
M01016,2025-11-13,Micro,Paid Search,Retail,Hong Kong,Lead,,0,0
M01017,2025-12-30,SME,Paid Search,E-commerce,Hong Kong,Activated,2026-01-15,27,1
M01018,2025-09-08,Micro,Paid Search,Food & Beverage,Hong Kong,Activated,2025-09-19,32,0
M01019,2025-06-04,SME,Paid Search,Professional Services,Hong Kong,Lead,,0,0
M01020,2025-05-21,Micro,Direct,Food & Beverage,Singapore,Activated,2025-06-04,41,0
M01021,2025-07-25,SME,Paid Search,Retail,Hong Kong,Activated,2025-08-10,140,0
M01022,2025-09-05,SME,Paid Search,Food & Beverage,Hong Kong,Activated,2025-09-18,166,0
M01023,2025-03-02,Enterprise,Partner,E-commerce,Hong Kong,Approved,,0,0
M01024,2025-06-04,Enterprise,Partner,E-commerce,Hong Kong,Activated,2025-06-20,448,0
M01025,2025-02-02,SME,Partner,Retail,Hong Kong,Activated,2025-02-12,189,0
M01026,2025-05-18,SME,Direct,Retail,Hong Kong,Activated,2025-06-01,170,0
M01027,2025-10-16,SME,Paid Search,Professional Services,Hong Kong,Activated,2025-10-27,115,0
M01028,2025-04-09,Micro,Paid Search,E-commerce,Australia,Activated,2025-04-17,43,0
M01029,2025-06-22,Enterprise,Paid Search,Retail,Hong Kong,Activated,2025-07-06,443,0
M01030,2025-11-23,Micro,Direct,Professional Services,Hong Kong,Lead,,0,0
M01031,2025-09-24,Micro,Direct,Retail,Hong Kong,Activated,2025-10-02,13,0
M01032,2025-07-01,SME,Paid Search,Food & Beverage,Hong Kong,Lead,,0,0
M01033,2025-01-10,Micro,Direct,Food & Beverage,Hong Kong,Lead,,0,0
M01034,2025-04-05,SME,Direct,Retail,Hong Kong,Qualified,,0,0
M01035,2025-03-23,SME,Partner,Retail,United Kingdom,Lead,,0,0
M01036,2025-09-16,Micro,Partner,E-commerce,Hong Kong,Qualified,,0,0
M01037,2025-08-13,Micro,Partner,Retail,Hong Kong,Qualified,,0,0
M01038,2025-03-10,SME,Paid Search,Professional Services,Hong Kong,Approved,,0,0
M01039,2025-06-06,SME,Referral,E-commerce,Hong Kong,Lead,,0,0
M01040,2025-06-09,SME,Direct,Food & Beverage,Hong Kong,Approved,,0,0
M01041,2025-07-17,Micro,Direct,E-commerce,Hong Kong,Activated,2025-08-01,63,0
M01042,2025-01-08,Micro,Referral,Retail,Hong Kong,Lead,,0,0
M01043,2025-09-10,SME,Paid Search,Retail,Hong Kong,Lead,,0,0
M01044,2025-10-09,Micro,Partner,E-commerce,Hong Kong,Lead,,0,0
M01045,2025-07-17,SME,Referral,Food & Beverage,Hong Kong,Activated,2025-08-03,126,1
M01046,2025-11-29,Micro,Referral,E-commerce,Hong Kong,Activated,2025-12-13,39,0
M01047,2025-06-14,Enterprise,Direct,E-commerce,Hong Kong,Activated,2025-07-04,733,0
M01048,2025-02-20,SME,Partner,Professional Services,Singapore,Activated,2025-03-01,32,1
M01049,2025-11-18,SME,Direct,E-commerce,Singapore,Activated,2025-11-23,190,0
M01050,2025-09-23,Micro,Direct,Retail,United Kingdom,Lead,,0,0
M01051,2025-01-03,SME,Direct,Food & Beverage,Hong Kong,Activated,2025-01-18,152,0
M01052,2025-04-14,Micro,Paid Search,E-commerce,Hong Kong,Activated,2025-05-05,27,0
M01053,2025-06-05,Micro,Paid Search,E-commerce,Hong Kong,Lead,,0,0
M01054,2025-11-04,SME,Partner,Retail,Hong Kong,Activated,2025-11-14,148,0
M01055,2025-07-10,Micro,Direct,E-commerce,Hong Kong,Qualified,,0,0
M01056,2025-03-10,SME,Direct,Professional Services,Hong Kong,Lead,,0,0
M01057,2025-07-22,SME,Paid Search,E-commerce,Hong Kong,Lead,,0,0
M01058,2025-10-20,SME,Partner,Retail,Hong Kong,Qualified,,0,0
M01059,2025-07-23,Micro,Partner,Food & Beverage,Hong Kong,Qualified,,0,0
M01060,2025-03-20,SME,Referral,Food & Beverage,Australia,Activated,2025-03-30,102,0
M01061,2025-10-12,Micro,Referral,Food & Beverage,Hong Kong,Activated,2025-10-27,39,0
M01062,2025-04-27,Micro,Partner,Professional Services,Hong Kong,Activated,2025-05-09,33,0
M01063,2025-08-21,Micro,Referral,Retail,Hong Kong,Activated,2025-08-31,51,0
M01064,2025-11-13,SME,Partner,Professional Services,Singapore,Activated,2025-11-23,103,0
M01065,2025-04-11,Micro,Paid Search,E-commerce,Hong Kong,Lead,,0,0
M01066,2025-10-13,Micro,Partner,Professional Services,Australia,Activated,2025-10-20,33,0
M01067,2025-12-08,Micro,Paid Search,Food & Beverage,Hong Kong,Qualified,,0,0
M01068,2025-07-12,Micro,Referral,E-commerce,Hong Kong,Activated,2025-07-20,40,0
M01069,2025-11-19,SME,Partner,E-commerce,Hong Kong,Lead,,0,0
M01070,2025-01-23,SME,Referral,E-commerce,Hong Kong,Activated,2025-01-31,104,1
M01071,2025-02-25,SME,Paid Search,Retail,Hong Kong,Activated,2025-03-06,126,1
M01072,2025-12-05,Micro,Direct,Retail,Hong Kong,Activated,2025-12-16,55,0
M01073,2025-10-19,Micro,Direct,Retail,Hong Kong,Activated,2025-10-29,46,0
M01074,2025-03-24,Micro,Paid Search,Retail,Hong Kong,Lead,,0,0
M01075,2025-05-12,SME,Direct,Retail,Singapore,Qualified,,0,0
M01076,2025-08-05,Enterprise,Partner,Professional Services,Hong Kong,Activated,2025-08-20,510,0
M01077,2025-01-13,SME,Direct,Professional Services,Hong Kong,Activated,2025-01-23,109,1
M01078,2025-11-08,Micro,Paid Search,E-commerce,United Kingdom,Lead,,0,0
M01079,2025-03-25,Micro,Direct,E-commerce,Hong Kong,Qualified,,0,0
M01080,2025-04-10,Micro,Partner,Retail,Hong Kong,Activated,2025-04-20,49,0
M01081,2025-03-18,Micro,Direct,Retail,Singapore,Lead,,0,0
M01082,2025-08-14,SME,Direct,E-commerce,Singapore,Activated,2025-08-28,3,0
M01083,2025-04-17,Micro,Direct,Retail,United Kingdom,Qualified,,0,0
M01084,2025-09-07,Micro,Paid Search,Professional Services,Hong Kong,Approved,,0,0
M01085,2025-05-09,SME,Direct,E-commerce,Singapore,Activated,2025-05-17,213,0
M01086,2025-12-30,Micro,Partner,E-commerce,Hong Kong,Activated,2026-01-10,31,0
M01087,2025-05-29,Micro,Paid Search,Retail,United Kingdom,Activated,2025-06-14,52,0
M01088,2025-10-23,SME,Referral,Retail,United Kingdom,Qualified,,0,0
M01089,2025-04-14,Micro,Direct,Retail,United Kingdom,Activated,2025-04-30,34,0
M01090,2025-07-02,Micro,Paid Search,E-commerce,Hong Kong,Activated,2025-07-15,49,0
M01091,2025-01-10,Micro,Direct,E-commerce,Hong Kong,Activated,2025-01-23,37,0
M01092,2025-05-17,SME,Referral,Retail,Hong Kong,Approved,,0,0
M01093,2025-10-07,SME,Partner,Retail,Australia,Lead,,0,0
M01094,2025-06-06,Micro,Direct,Professional Services,Hong Kong,Lead,,0,0
M01095,2025-10-22,Enterprise,Partner,E-commerce,Hong Kong,Approved,,0,0
M01096,2025-08-04,Enterprise,Paid Search,Food & Beverage,United Kingdom,Activated,2025-08-15,577,0
M01097,2025-07-20,SME,Direct,Professional Services,Hong Kong,Lead,,0,0
M01098,2025-09-16,Micro,Partner,Professional Services,Hong Kong,Activated,2025-09-27,57,0
M01099,2025-03-01,Micro,Direct,Professional Services,Hong Kong,Activated,2025-03-16,16,0
M01100,2025-02-14,Micro,Paid Search,E-commerce,Hong Kong,Activated,2025-03-07,46,0
M01101,2025-03-13,Micro,Partner,Professional Services,Hong Kong,Qualified,,0,0
M01102,2025-05-30,Micro,Direct,Retail,Singapore,Activated,2025-06-14,41,1
M01103,2025-01-13,Micro,Referral,E-commerce,Hong Kong,Lead,,0,0
M01104,2025-05-20,Micro,Direct,Professional Services,Singapore,Activated,2025-05-27,47,0
M01105,2025-03-22,Micro,Direct,Retail,Hong Kong,Lead,,0,0
M01106,2025-01-11,Enterprise,Referral,Professional Services,Hong Kong,Approved,,0,0
M01107,2025-09-02,SME,Paid Search,E-commerce,Hong Kong,Activated,2025-09-18,138,0
M01108,2025-08-10,Micro,Direct,Retail,Hong Kong,Qualified,,0,0
M01109,2025-09-18,SME,Partner,E-commerce,Australia,Activated,2025-10-08,197,0
M01110,2025-10-15,Micro,Direct,Professional Services,Hong Kong,Activated,2025-10-27,33,0
M01111,2025-10-19,SME,Direct,Professional Services,Hong Kong,Activated,2025-10-25,166,0
M01112,2025-07-30,SME,Paid Search,Retail,Singapore,Activated,2025-08-22,124,0
M01113,2025-06-06,Micro,Paid Search,E-commerce,Hong Kong,Qualified,,0,0
M01114,2025-07-30,Micro,Direct,Food & Beverage,Hong Kong,Qualified,,0,0
M01115,2025-01-31,Micro,Paid Search,Retail,Hong Kong,Activated,2025-02-12,31,0
M01116,2025-11-10,SME,Paid Search,E-commerce,Hong Kong,Activated,2025-11-20,152,0
M01117,2025-07-30,Micro,Paid Search,E-commerce,Hong Kong,Lead,,0,0
M01118,2025-01-13,SME,Paid Search,E-commerce,Hong Kong,Lead,,0,0
M01119,2025-02-05,Micro,Direct,Retail,Hong Kong,Lead,,0,0
M01120,2025-05-09,Micro,Direct,E-commerce,Hong Kong,Activated,2025-06-02,61,0
M01121,2025-11-25,SME,Paid Search,E-commerce,Hong Kong,Qualified,,0,0
M01122,2025-10-19,SME,Direct,Retail,Hong Kong,Activated,2025-10-26,95,0
M01123,2025-01-22,Micro,Direct,Retail,Hong Kong,Lead,,0,0
M01124,2025-11-03,SME,Paid Search,E-commerce,Hong Kong,Lead,,0,0
M01125,2025-12-09,SME,Referral,Food & Beverage,Hong Kong,Activated,2025-12-26,174,0
M01126,2025-10-24,SME,Direct,Professional Services,Hong Kong,Activated,2025-11-10,191,0
M01127,2025-12-09,SME,Paid Search,Professional Services,Hong Kong,Activated,2025-12-30,69,0
M01128,2025-06-19,Micro,Partner,Professional Services,Hong Kong,Lead,,0,0
M01129,2025-01-01,Micro,Referral,Professional Services,Hong Kong,Qualified,,0,0
M01130,2025-11-28,SME,Partner,E-commerce,Hong Kong,Lead,,0,0
M01131,2025-06-01,Micro,Direct,Retail,Hong Kong,Lead,,0,0
M01132,2025-07-19,SME,Paid Search,Food & Beverage,Australia,Activated,2025-07-28,92,0
M01133,2025-05-26,Enterprise,Referral,Retail,Hong Kong,Qualified,,0,0
M01134,2025-08-04,Micro,Paid Search,Retail,Hong Kong,Lead,,0,0
M01135,2025-07-22,SME,Paid Search,Retail,Hong Kong,Activated,2025-08-06,138,0
M01136,2025-12-28,SME,Partner,Food & Beverage,Hong Kong,Activated,2026-01-06,144,0
M01137,2025-02-26,Micro,Direct,Professional Services,United Kingdom,Activated,2025-03-15,41,0
M01138,2025-03-28,SME,Partner,Retail,United Kingdom,Activated,2025-04-07,148,0
M01139,2025-08-09,Micro,Referral,Professional Services,Hong Kong,Activated,2025-08-20,84,0
M01140,2025-11-22,Micro,Partner,Retail,Australia,Activated,2025-12-03,51,0
M01141,2025-06-13,Micro,Direct,E-commerce,Hong Kong,Activated,2025-06-25,69,0
M01142,2025-03-31,SME,Direct,Food & Beverage,Hong Kong,Activated,2025-04-11,63,0
M01143,2025-10-27,SME,Partner,E-commerce,Hong Kong,Activated,2025-11-05,214,0
M01144,2025-03-04,Micro,Partner,Retail,Hong Kong,Qualified,,0,0
M01145,2025-04-12,SME,Partner,E-commerce,Hong Kong,Qualified,,0,0
M01146,2025-03-29,Micro,Direct,Retail,Hong Kong,Lead,,0,0
M01147,2025-07-22,Micro,Paid Search,Retail,Singapore,Approved,,0,0
M01148,2025-11-04,SME,Paid Search,Food & Beverage,Hong Kong,Lead,,0,0
M01149,2025-01-15,SME,Direct,Professional Services,Singapore,Activated,2025-01-31,111,1
M01150,2025-12-06,Micro,Partner,Professional Services,Hong Kong,Activated,2025-12-18,45,0
M01151,2025-02-13,Micro,Direct,E-commerce,Hong Kong,Activated,2025-02-22,32,0
M01152,2025-05-29,SME,Referral,E-commerce,Hong Kong,Activated,2025-06-08,177,0
M01153,2025-01-24,Micro,Direct,Professional Services,Hong Kong,Activated,2025-02-02,50,0
M01154,2025-07-10,SME,Partner,Food & Beverage,Hong Kong,Approved,,0,0
M01155,2025-11-11,Micro,Referral,Food & Beverage,Singapore,Activated,2025-11-22,38,0
M01156,2025-08-27,Micro,Direct,Professional Services,Hong Kong,Activated,2025-09-13,52,0
M01157,2025-06-26,Micro,Direct,Professional Services,Hong Kong,Activated,2025-07-16,41,0
M01158,2025-04-22,Micro,Direct,E-commerce,Hong Kong,Activated,2025-05-21,25,0
M01159,2025-08-29,SME,Referral,Professional Services,Australia,Lead,,0,0
M01160,2025-03-02,SME,Direct,Food & Beverage,United Kingdom,Lead,,0,0
M01161,2025-08-07,Micro,Partner,Retail,Hong Kong,Activated,2025-08-27,38,0
M01162,2025-02-01,Micro,Direct,Retail,Singapore,Activated,2025-02-12,38,0
M01163,2025-12-05,Micro,Partner,E-commerce,Hong Kong,Activated,2025-12-20,21,0
M01164,2025-01-29,Enterprise,Paid Search,E-commerce,Hong Kong,Approved,,0,0
M01165,2025-02-06,SME,Partner,E-commerce,Hong Kong,Lead,,0,0
M01166,2025-11-01,Micro,Referral,Retail,Hong Kong,Qualified,,0,0
M01167,2025-11-01,SME,Referral,Professional Services,Hong Kong,Approved,,0,0
M01168,2025-11-03,Micro,Partner,E-commerce,Hong Kong,Activated,2025-11-09,10,0
M01169,2025-06-11,SME,Partner,Professional Services,Hong Kong,Lead,,0,0
M01170,2025-06-27,SME,Direct,Food & Beverage,Hong Kong,Activated,2025-07-06,112,0
M01171,2025-10-30,Micro,Direct,Food & Beverage,Hong Kong,Qualified,,0,0
M01172,2025-05-04,SME,Direct,Retail,Hong Kong,Activated,2025-05-11,171,0
M01173,2025-01-06,Micro,Referral,Food & Beverage,Hong Kong,Activated,2025-01-14,52,0
M01174,2025-06-09,Micro,Referral,Professional Services,Hong Kong,Activated,2025-06-20,45,0
M01175,2025-12-22,SME,Partner,E-commerce,Hong Kong,Lead,,0,0
M01176,2025-10-17,SME,Partner,Retail,Hong Kong,Activated,2025-10-26,167,0
M01177,2025-10-18,Micro,Direct,Retail,Hong Kong,Activated,2025-10-31,52,0
M01178,2025-03-05,Micro,Partner,Retail,Hong Kong,Activated,2025-03-15,43,0
M01179,2025-06-03,SME,Direct,Retail,Hong Kong,Lead,,0,0
M01180,2025-12-28,Micro,Direct,Retail,Hong Kong,Lead,,0,0
M01181,2025-05-12,Enterprise,Direct,E-commerce,Hong Kong,Activated,2025-05-30,297,0
M01182,2025-12-01,Micro,Referral,E-commerce,Hong Kong,Lead,,0,0
M01183,2025-04-23,Micro,Partner,Retail,Hong Kong,Lead,,0,0
M01184,2025-05-04,Micro,Paid Search,Food & Beverage,Singapore,Qualified,,0,0
M01185,2025-11-01,Enterprise,Partner,Retail,Hong Kong,Activated,2025-11-16,405,0
M01186,2025-11-26,Micro,Direct,Professional Services,Singapore,Activated,2025-12-11,40,0
M01187,2025-08-15,Micro,Partner,Food & Beverage,Hong Kong,Qualified,,0,0
M01188,2025-06-25,Micro,Direct,Retail,Hong Kong,Activated,2025-07-09,39,0
M01189,2025-11-24,Micro,Paid Search,Food & Beverage,Hong Kong,Activated,2025-12-05,48,0
M01190,2025-12-18,Micro,Paid Search,E-commerce,Hong Kong,Lead,,0,0
M01191,2025-03-31,Micro,Referral,Professional Services,Hong Kong,Lead,,0,0
M01192,2025-08-16,SME,Direct,E-commerce,Hong Kong,Activated,2025-08-30,103,0
M01193,2025-02-17,Micro,Referral,Food & Beverage,Hong Kong,Activated,2025-03-01,10,0
M01194,2025-03-15,SME,Partner,Food & Beverage,Hong Kong,Lead,,0,0
M01195,2025-05-30,Micro,Paid Search,Food & Beverage,Hong Kong,Lead,,0,0
M01196,2025-03-15,Micro,Referral,Professional Services,Hong Kong,Approved,,0,0
M01197,2025-11-13,Micro,Paid Search,Retail,Hong Kong,Qualified,,0,0
M01198,2025-11-07,Micro,Partner,Retail,Hong Kong,Lead,,0,0
M01199,2025-10-05,Micro,Partner,Retail,Hong Kong,Activated,2025-10-15,49,0
M01200,2025-11-26,Micro,Partner,E-commerce,Hong Kong,Lead,,0,0
